"country","region","happiness","economy","family","health","freedom","trust","generosity","dystopia","year"
"Switzerland","Western Europe",7.587,1.39651,1.34951,0.94143,0.66557,0.41978,0.29678,2.51738,2015
"Iceland","Western Europe",7.561,1.30232,1.40223,0.94784,0.62877,0.14145,0.4363,2.70201,2015
"Denmark","Western Europe",7.527,1.32548,1.36058,0.87464,0.64938,0.48357,0.34139,2.49204,2015
"Norway","Western Europe",7.522,1.459,1.33095,0.88521,0.66973,0.36503,0.34699,2.46531,2015
"Canada","North America",7.427,1.32629,1.32261,0.90563,0.63297,0.32957,0.45811,2.45176,2015
"Finland","Western Europe",7.406,1.29025,1.31826,0.88911,0.64169,0.41372,0.23351,2.61955,2015
"Netherlands","Western Europe",7.378,1.32944,1.28017,0.89284,0.61576,0.31814,0.4761,2.4657,2015
"Sweden","Western Europe",7.364,1.33171,1.28907,0.91087,0.6598,0.43844,0.36262,2.37119,2015
"New Zealand","Australia and New Zealand",7.286,1.25018,1.31967,0.90837,0.63938,0.42922,0.47501,2.26425,2015
"Australia","Australia and New Zealand",7.284,1.33358,1.30923,0.93156,0.65124,0.35637,0.43562,2.26646,2015
"Israel","Middle East and Northern Africa",7.278,1.22857,1.22393,0.91387,0.41319,0.07785,0.33172,3.08854,2015
"Costa Rica","Latin America and Caribbean",7.226,0.95578,1.23788,0.86027,0.63376,0.10583,0.25497,3.17728,2015
"Austria","Western Europe",7.2,1.33723,1.29704,0.89042,0.62433,0.18676,0.33088,2.5332,2015
"Mexico","Latin America and Caribbean",7.187,1.02054,0.91451,0.81444,0.48181,0.21312,0.14074,3.60214,2015
"United States","North America",7.119,1.39451,1.24711,0.86179,0.54604,0.1589,0.40105,2.51011,2015
"Brazil","Latin America and Caribbean",6.983,0.98124,1.23287,0.69702,0.49049,0.17521,0.14574,3.26001,2015
"Luxembourg","Western Europe",6.946,1.56391,1.21963,0.91894,0.61583,0.37798,0.28034,1.96961,2015
"Ireland","Western Europe",6.94,1.33596,1.36948,0.89533,0.61777,0.28703,0.45901,1.9757,2015
"Belgium","Western Europe",6.937,1.30782,1.28566,0.89667,0.5845,0.2254,0.2225,2.41484,2015
"United Arab Emirates","Middle East and Northern Africa",6.901,1.42727,1.12575,0.80925,0.64157,0.38583,0.26428,2.24743,2015
"United Kingdom","Western Europe",6.867,1.26637,1.28548,0.90943,0.59625,0.32067,0.51912,1.96994,2015
"Oman","Middle East and Northern Africa",6.853,1.36011,1.08182,0.76276,0.63274,0.32524,0.21542,2.47489,2015
"Venezuela","Latin America and Caribbean",6.81,1.04424,1.25596,0.72052,0.42908,0.11069,0.05841,3.19131,2015
"Singapore","Southeastern Asia",6.798,1.52186,1.02,1.02525,0.54252,0.4921,0.31105,1.88501,2015
"Panama","Latin America and Caribbean",6.786,1.06353,1.1985,0.79661,0.5421,0.0927,0.24434,2.84848,2015
"Germany","Western Europe",6.75,1.32792,1.29937,0.89186,0.61477,0.21843,0.28214,2.11569,2015
"Chile","Latin America and Caribbean",6.67,1.10715,1.12447,0.85857,0.44132,0.12869,0.33363,2.67585,2015
"Qatar","Middle East and Northern Africa",6.611,1.69042,1.0786,0.79733,0.6404,0.52208,0.32573,1.55674,2015
"France","Western Europe",6.575,1.27778,1.26038,0.94579,0.55011,0.20646,0.12332,2.21126,2015
"Argentina","Latin America and Caribbean",6.574,1.05351,1.24823,0.78723,0.44974,0.08484,0.11451,2.836,2015
"Czech Republic","Central and Eastern Europe",6.505,1.17898,1.20643,0.84483,0.46364,0.02652,0.10686,2.67782,2015
"Uruguay","Latin America and Caribbean",6.485,1.06166,1.2089,0.8116,0.60362,0.24558,0.2324,2.32142,2015
"Colombia","Latin America and Caribbean",6.477,0.91861,1.24018,0.69077,0.53466,0.0512,0.18401,2.85737,2015
"Thailand","Southeastern Asia",6.455,0.9669,1.26504,0.7385,0.55664,0.03187,0.5763,2.31945,2015
"Saudi Arabia","Middle East and Northern Africa",6.411,1.39541,1.08393,0.72025,0.31048,0.32524,0.13706,2.43872,2015
"Spain","Western Europe",6.329,1.23011,1.31379,0.95562,0.45951,0.06398,0.18227,2.12367,2015
"Malta","Western Europe",6.302,1.2074,1.30203,0.88721,0.60365,0.13586,0.51752,1.6488,2015
"Taiwan","Eastern Asia",6.298,1.29098,1.07617,0.8753,0.3974,0.08129,0.25376,2.32323,2015
"Kuwait","Middle East and Northern Africa",6.295,1.55422,1.16594,0.72492,0.55499,0.25609,0.16228,1.87634,2015
"Suriname","Latin America and Caribbean",6.269,0.99534,0.972,0.6082,0.59657,0.13633,0.16991,2.79094,2015
"Trinidad and Tobago","Latin America and Caribbean",6.168,1.21183,1.18354,0.61483,0.55884,0.0114,0.31844,2.26882,2015
"El Salvador","Latin America and Caribbean",6.13,0.76454,1.02507,0.67737,0.4035,0.11776,0.10692,3.035,2015
"Guatemala","Latin America and Caribbean",6.123,0.74553,1.04356,0.64425,0.57733,0.09472,0.27489,2.74255,2015
"Uzbekistan","Central and Eastern Europe",6.003,0.63244,1.34043,0.59772,0.65821,0.30826,0.22837,2.23741,2015
"Slovakia","Central and Eastern Europe",5.995,1.16891,1.26999,0.78902,0.31751,0.03431,0.16893,2.24639,2015
"Japan","Eastern Asia",5.987,1.27074,1.25712,0.99111,0.49615,0.1806,0.10705,1.68435,2015
"South Korea","Eastern Asia",5.984,1.24461,0.95774,0.96538,0.33208,0.07857,0.18557,2.21978,2015
"Ecuador","Latin America and Caribbean",5.975,0.86402,0.99903,0.79075,0.48574,0.1809,0.11541,2.53942,2015
"Bahrain","Middle East and Northern Africa",5.96,1.32376,1.21624,0.74716,0.45492,0.306,0.17362,1.73797,2015
"Italy","Western Europe",5.948,1.25114,1.19777,0.95446,0.26236,0.02901,0.22823,2.02518,2015
"Bolivia","Latin America and Caribbean",5.89,0.68133,0.97841,0.5392,0.57414,0.088,0.20536,2.82334,2015
"Moldova","Central and Eastern Europe",5.889,0.59448,1.01528,0.61826,0.32818,0.01615,0.20951,3.10712,2015
"Paraguay","Latin America and Caribbean",5.878,0.75985,1.30477,0.66098,0.53899,0.08242,0.3424,2.18896,2015
"Kazakhstan","Central and Eastern Europe",5.855,1.12254,1.12241,0.64368,0.51649,0.08454,0.11827,2.24729,2015
"Slovenia","Central and Eastern Europe",5.848,1.18498,1.27385,0.87337,0.60855,0.03787,0.25328,1.61583,2015
"Lithuania","Central and Eastern Europe",5.833,1.14723,1.25745,0.73128,0.21342,0.01031,0.02641,2.44649,2015
"Nicaragua","Latin America and Caribbean",5.828,0.59325,1.14184,0.74314,0.55475,0.19317,0.27815,2.32407,2015
"Peru","Latin America and Caribbean",5.824,0.90019,0.97459,0.73017,0.41496,0.05989,0.14982,2.5945,2015
"Belarus","Central and Eastern Europe",5.813,1.03192,1.23289,0.73608,0.37938,0.1909,0.11046,2.1309,2015
"Poland","Central and Eastern Europe",5.791,1.12555,1.27948,0.77903,0.53122,0.04212,0.16759,1.86565,2015
"Malaysia","Southeastern Asia",5.77,1.12486,1.07023,0.72394,0.53024,0.10501,0.33075,1.88541,2015
"Croatia","Central and Eastern Europe",5.759,1.08254,0.79624,0.78805,0.25883,0.0243,0.05444,2.75414,2015
"Libya","Middle East and Northern Africa",5.754,1.13145,1.11862,0.7038,0.41668,0.11023,0.18295,2.09066,2015
"Russia","Central and Eastern Europe",5.716,1.13764,1.23617,0.66926,0.36679,0.03005,0.00199,2.27394,2015
"Jamaica","Latin America and Caribbean",5.709,0.81038,1.15102,0.68741,0.50442,0.02299,0.2123,2.32038,2015
"North Cyprus","Western Europe",5.695,1.20806,1.07008,0.92356,0.49027,0.1428,0.26169,1.59888,2015
"Cyprus","Western Europe",5.689,1.20813,0.89318,0.92356,0.40672,0.06146,0.30638,1.88931,2015
"Algeria","Middle East and Northern Africa",5.605,0.93929,1.07772,0.61766,0.28579,0.17383,0.07822,2.43209,2015
"Kosovo","Central and Eastern Europe",5.589,0.80148,0.81198,0.63132,0.24749,0.04741,0.2831,2.76579,2015
"Turkmenistan","Central and Eastern Europe",5.548,0.95847,1.22668,0.53886,0.4761,0.30844,0.16979,1.86984,2015
"Mauritius","Sub-Saharan Africa",5.477,1.00761,0.98521,0.7095,0.56066,0.07521,0.37744,1.76145,2015
"Hong Kong","Eastern Asia",5.474,1.38604,1.05818,1.01328,0.59608,0.37124,0.39478,0.65429,2015
"Estonia","Central and Eastern Europe",5.429,1.15174,1.22791,0.77361,0.44888,0.15184,0.0868,1.58782,2015
"Indonesia","Southeastern Asia",5.399,0.82827,1.08708,0.63793,0.46611,0,0.51535,1.86399,2015
"Vietnam","Southeastern Asia",5.36,0.63216,0.91226,0.74676,0.59444,0.10441,0.1686,2.20173,2015
"Turkey","Middle East and Northern Africa",5.332,1.06098,0.94632,0.73172,0.22815,0.15746,0.12253,2.08528,2015
"Kyrgyzstan","Central and Eastern Europe",5.286,0.47428,1.15115,0.65088,0.43477,0.04232,0.3003,2.2327,2015
"Nigeria","Sub-Saharan Africa",5.268,0.65435,0.90432,0.16007,0.34334,0.0403,0.27233,2.89319,2015
"Bhutan","Southern Asia",5.253,0.77042,1.10395,0.57407,0.53206,0.15445,0.47998,1.63794,2015
"Azerbaijan","Central and Eastern Europe",5.212,1.02389,0.93793,0.64045,0.3703,0.16065,0.07799,2.00073,2015
"Pakistan","Southern Asia",5.194,0.59543,0.41411,0.51466,0.12102,0.10464,0.33671,3.10709,2015
"Jordan","Middle East and Northern Africa",5.192,0.90198,1.05392,0.69639,0.40661,0.14293,0.11053,1.87996,2015
"Montenegro","Central and Eastern Europe",5.192,0.97438,0.90557,0.72521,0.1826,0.14296,0.1614,2.10017,2015
"China","Eastern Asia",5.14,0.89012,0.94675,0.81658,0.51697,0.02781,0.08185,1.8604,2015
"Zambia","Sub-Saharan Africa",5.129,0.47038,0.91612,0.29924,0.48827,0.12468,0.19591,2.6343,2015
"Romania","Central and Eastern Europe",5.124,1.04345,0.88588,0.7689,0.35068,0.00649,0.13748,1.93129,2015
"Serbia","Central and Eastern Europe",5.123,0.92053,1.00964,0.74836,0.20107,0.02617,0.19231,2.025,2015
"Portugal","Western Europe",5.102,1.15991,1.13935,0.87519,0.51469,0.01078,0.13719,1.26462,2015
"Latvia","Central and Eastern Europe",5.098,1.11312,1.09562,0.72437,0.29671,0.06332,0.18226,1.62215,2015
"Philippines","Southeastern Asia",5.073,0.70532,1.03516,0.58114,0.62545,0.12279,0.24991,1.7536,2015
"Somaliland region","Sub-Saharan Africa",5.057,0.18847,0.95152,0.43873,0.46582,0.39928,0.50318,2.11032,2015
"Morocco","Middle East and Northern Africa",5.013,0.73479,0.64095,0.60954,0.41691,0.08546,0.07172,2.45373,2015
"Macedonia","Central and Eastern Europe",5.007,0.91851,1.00232,0.73545,0.33457,0.05327,0.22359,1.73933,2015
"Mozambique","Sub-Saharan Africa",4.971,0.08308,1.02626,0.09131,0.34037,0.15603,0.22269,3.05137,2015
"Albania","Central and Eastern Europe",4.959,0.87867,0.80434,0.81325,0.35733,0.06413,0.14272,1.89894,2015
"Bosnia and Herzegovina","Central and Eastern Europe",4.949,0.83223,0.91916,0.79081,0.09245,0.00227,0.24808,2.06367,2015
"Lesotho","Sub-Saharan Africa",4.898,0.37545,1.04103,0.07612,0.31767,0.12504,0.16388,2.79832,2015
"Dominican Republic","Latin America and Caribbean",4.885,0.89537,1.17202,0.66825,0.57672,0.14234,0.21684,1.21305,2015
"Laos","Southeastern Asia",4.876,0.59066,0.73803,0.54909,0.59591,0.24249,0.42192,1.73799,2015
"Mongolia","Eastern Asia",4.874,0.82819,1.3006,0.60268,0.43626,0.02666,0.3323,1.34759,2015
"Swaziland","Sub-Saharan Africa",4.867,0.71206,1.07284,0.07566,0.30658,0.0306,0.18259,2.48676,2015
"Greece","Western Europe",4.857,1.15406,0.92933,0.88213,0.07699,0.01397,0,1.80101,2015
"Lebanon","Middle East and Northern Africa",4.839,1.02564,0.80001,0.83947,0.33916,0.04582,0.21854,1.57059,2015
"Hungary","Central and Eastern Europe",4.8,1.12094,1.20215,0.75905,0.32112,0.02758,0.128,1.24074,2015
"Honduras","Latin America and Caribbean",4.788,0.59532,0.95348,0.6951,0.40148,0.06825,0.23027,1.84408,2015
"Tajikistan","Central and Eastern Europe",4.786,0.39047,0.85563,0.57379,0.47216,0.15072,0.22974,2.11399,2015
"Tunisia","Middle East and Northern Africa",4.739,0.88113,0.60429,0.73793,0.26268,0.06358,0.06431,2.12466,2015
"Palestinian Territories","Middle East and Northern Africa",4.715,0.59867,0.92558,0.66015,0.24499,0.12905,0.11251,2.04384,2015
"Bangladesh","Southern Asia",4.694,0.39753,0.43106,0.60164,0.4082,0.12569,0.21222,2.51767,2015
"Iran","Middle East and Northern Africa",4.686,1.0088,0.54447,0.69805,0.30033,0.05863,0.38086,1.6944,2015
"Ukraine","Central and Eastern Europe",4.681,0.79907,1.20278,0.6739,0.25123,0.02961,0.15275,1.5714,2015
"Iraq","Middle East and Northern Africa",4.677,0.98549,0.81889,0.60237,0,0.13788,0.17922,1.95335,2015
"South Africa","Sub-Saharan Africa",4.642,0.92049,1.18468,0.27688,0.33207,0.08884,0.11973,1.71956,2015
"Ghana","Sub-Saharan Africa",4.633,0.54558,0.67954,0.40132,0.42342,0.04355,0.23087,2.30919,2015
"Zimbabwe","Sub-Saharan Africa",4.61,0.271,1.03276,0.33475,0.25861,0.08079,0.18987,2.44191,2015
"Liberia","Sub-Saharan Africa",4.571,0.0712,0.78968,0.34201,0.28531,0.06232,0.24362,2.77729,2015
"India","Southern Asia",4.565,0.64499,0.38174,0.51529,0.39786,0.08492,0.26475,2.27513,2015
"Sudan","Sub-Saharan Africa",4.55,0.52107,1.01404,0.36878,0.10081,0.1466,0.19062,2.20857,2015
"Haiti","Latin America and Caribbean",4.518,0.26673,0.74302,0.38847,0.24425,0.17175,0.46187,2.24173,2015
"Congo (Kinshasa)","Sub-Saharan Africa",4.517,0,1.0012,0.09806,0.22605,0.07625,0.24834,2.86712,2015
"Nepal","Southern Asia",4.514,0.35997,0.86449,0.56874,0.38282,0.05907,0.32296,1.95637,2015
"Ethiopia","Sub-Saharan Africa",4.512,0.19073,0.60406,0.44055,0.4345,0.15048,0.24325,2.44876,2015
"Sierra Leone","Sub-Saharan Africa",4.507,0.33024,0.95571,0,0.4084,0.08786,0.21488,2.51009,2015
"Mauritania","Sub-Saharan Africa",4.436,0.45407,0.86908,0.35874,0.24232,0.17461,0.219,2.11773,2015
"Kenya","Sub-Saharan Africa",4.419,0.36471,0.99876,0.41435,0.42215,0.05839,0.37542,1.78555,2015
"Djibouti","Sub-Saharan Africa",4.369,0.44025,0.59207,0.36291,0.46074,0.28105,0.18093,2.05125,2015
"Armenia","Central and Eastern Europe",4.35,0.76821,0.77711,0.7299,0.19847,0.039,0.07855,1.75873,2015
"Botswana","Sub-Saharan Africa",4.332,0.99355,1.10464,0.04776,0.49495,0.12474,0.10461,1.46181,2015
"Myanmar","Southeastern Asia",4.307,0.27108,0.70905,0.48246,0.44017,0.19034,0.79588,1.41805,2015
"Georgia","Central and Eastern Europe",4.297,0.7419,0.38562,0.72926,0.40577,0.38331,0.05547,1.59541,2015
"Malawi","Sub-Saharan Africa",4.292,0.01604,0.41134,0.22562,0.43054,0.06977,0.33128,2.80791,2015
"Sri Lanka","Southern Asia",4.271,0.83524,1.01905,0.70806,0.53726,0.09179,0.40828,0.67108,2015
"Cameroon","Sub-Saharan Africa",4.252,0.4225,0.88767,0.23402,0.49309,0.05786,0.20618,1.95071,2015
"Bulgaria","Central and Eastern Europe",4.218,1.01216,1.10614,0.76649,0.30587,0.00872,0.11921,0.89991,2015
"Egypt","Middle East and Northern Africa",4.194,0.8818,0.747,0.61712,0.17288,0.06324,0.11291,1.59927,2015
"Yemen","Middle East and Northern Africa",4.077,0.54649,0.68093,0.40064,0.35571,0.07854,0.09131,1.92313,2015
"Angola","Sub-Saharan Africa",4.033,0.75778,0.8604,0.16683,0.10384,0.07122,0.12344,1.94939,2015
"Mali","Sub-Saharan Africa",3.995,0.26074,1.03526,0.20583,0.38857,0.12352,0.18798,1.79293,2015
"Congo (Brazzaville)","Sub-Saharan Africa",3.989,0.67866,0.6629,0.31051,0.41466,0.11686,0.12388,1.68135,2015
"Comoros","Sub-Saharan Africa",3.956,0.23906,0.79273,0.36315,0.22917,0.199,0.17441,1.95812,2015
"Uganda","Sub-Saharan Africa",3.931,0.21102,1.13299,0.33861,0.45727,0.07267,0.29066,1.42766,2015
"Senegal","Sub-Saharan Africa",3.904,0.36498,0.97619,0.4354,0.36772,0.10713,0.20843,1.44395,2015
"Gabon","Sub-Saharan Africa",3.896,1.06024,0.90528,0.43372,0.31914,0.11091,0.06822,0.99895,2015
"Niger","Sub-Saharan Africa",3.845,0.0694,0.77265,0.29707,0.47692,0.15639,0.19387,1.87877,2015
"Cambodia","Southeastern Asia",3.819,0.46038,0.62736,0.61114,0.66246,0.07247,0.40359,0.98195,2015
"Tanzania","Sub-Saharan Africa",3.781,0.2852,1.00268,0.38215,0.32878,0.05747,0.34377,1.38079,2015
"Madagascar","Sub-Saharan Africa",3.681,0.20824,0.66801,0.46721,0.19184,0.08124,0.21333,1.851,2015
"Central African Republic","Sub-Saharan Africa",3.678,0.0785,0,0.06699,0.48879,0.08289,0.23835,2.7223,2015
"Chad","Sub-Saharan Africa",3.667,0.34193,0.76062,0.1501,0.23501,0.05269,0.18386,1.94296,2015
"Guinea","Sub-Saharan Africa",3.656,0.17417,0.46475,0.24009,0.37725,0.12139,0.28657,1.99172,2015
"Ivory Coast","Sub-Saharan Africa",3.655,0.46534,0.77115,0.15185,0.46866,0.17922,0.20165,1.41723,2015
"Burkina Faso","Sub-Saharan Africa",3.587,0.25812,0.85188,0.27125,0.39493,0.12832,0.21747,1.46494,2015
"Afghanistan","Southern Asia",3.575,0.31982,0.30285,0.30335,0.23414,0.09719,0.3651,1.9521,2015
"Rwanda","Sub-Saharan Africa",3.465,0.22208,0.7737,0.42864,0.59201,0.55191,0.22628,0.67042,2015
"Benin","Sub-Saharan Africa",3.34,0.28665,0.35386,0.3191,0.4845,0.0801,0.1826,1.63328,2015
"Syria","Middle East and Northern Africa",3.006,0.6632,0.47489,0.72193,0.15684,0.18906,0.47179,0.32858,2015
"Burundi","Sub-Saharan Africa",2.905,0.0153,0.41587,0.22396,0.1185,0.10062,0.19727,1.83302,2015
"Togo","Sub-Saharan Africa",2.839,0.20868,0.13995,0.28443,0.36453,0.10731,0.16681,1.56726,2015
"Denmark","Western Europe",7.526,1.44178,1.16374,0.79504,0.57941,0.44453,0.36171,2.73939,2016
"Switzerland","Western Europe",7.509,1.52733,1.14524,0.86303,0.58557,0.41203,0.28083,2.69463,2016
"Iceland","Western Europe",7.501,1.42666,1.18326,0.86733,0.56624,0.14975,0.47678,2.83137,2016
"Norway","Western Europe",7.498,1.57744,1.1269,0.79579,0.59609,0.35776,0.37895,2.66465,2016
"Finland","Western Europe",7.413,1.40598,1.13464,0.81091,0.57104,0.41004,0.25492,2.82596,2016
"Canada","North America",7.404,1.44015,1.0961,0.8276,0.5737,0.31329,0.44834,2.70485,2016
"Netherlands","Western Europe",7.339,1.46468,1.02912,0.81231,0.55211,0.29927,0.47416,2.70749,2016
"New Zealand","Australia and New Zealand",7.334,1.36066,1.17278,0.83096,0.58147,0.41904,0.49401,2.47553,2016
"Australia","Australia and New Zealand",7.313,1.44443,1.10476,0.8512,0.56837,0.32331,0.47407,2.5465,2016
"Sweden","Western Europe",7.291,1.45181,1.08764,0.83121,0.58218,0.40867,0.38254,2.54734,2016
"Israel","Middle East and Northern Africa",7.267,1.33766,0.99537,0.84917,0.36432,0.08728,0.32288,3.31029,2016
"Austria","Western Europe",7.119,1.45038,1.08383,0.80565,0.54355,0.21348,0.32865,2.69343,2016
"United States","North America",7.104,1.50796,1.04782,0.779,0.48163,0.14868,0.41077,2.72782,2016
"Costa Rica","Latin America and Caribbean",7.087,1.06879,1.02152,0.76146,0.55225,0.10547,0.22553,3.35168,2016
"Puerto Rico","Latin America and Caribbean",7.039,1.35943,1.08113,0.77758,0.46823,0.12275,0.22202,3.0076,2016
"Germany","Western Europe",6.994,1.44787,1.09774,0.81487,0.53466,0.28551,0.30452,2.50931,2016
"Brazil","Latin America and Caribbean",6.952,1.08754,1.03938,0.61415,0.40425,0.14166,0.15776,3.50733,2016
"Belgium","Western Europe",6.929,1.42539,1.05249,0.81959,0.51354,0.26248,0.2424,2.61355,2016
"Ireland","Western Europe",6.907,1.48341,1.16157,0.81455,0.54008,0.29754,0.44963,2.15988,2016
"Luxembourg","Western Europe",6.871,1.69752,1.03999,0.84542,0.5487,0.35329,0.27571,2.11055,2016
"Mexico","Latin America and Caribbean",6.778,1.11508,0.7146,0.71143,0.37709,0.18355,0.11735,3.55906,2016
"Singapore","Southeastern Asia",6.739,1.64555,0.86758,0.94719,0.4877,0.46987,0.32706,1.99375,2016
"United Kingdom","Western Europe",6.725,1.40283,1.08672,0.80991,0.50036,0.27399,0.50156,2.14999,2016
"Chile","Latin America and Caribbean",6.705,1.2167,0.90587,0.81883,0.37789,0.11451,0.31595,2.95505,2016
"Panama","Latin America and Caribbean",6.701,1.18306,0.98912,0.70835,0.48927,0.08423,0.2418,3.00559,2016
"Argentina","Latin America and Caribbean",6.65,1.15137,1.06612,0.69711,0.42284,0.07296,0.10989,3.12985,2016
"Czech Republic","Central and Eastern Europe",6.596,1.30915,1.00793,0.76376,0.41418,0.03986,0.09929,2.96211,2016
"United Arab Emirates","Middle East and Northern Africa",6.573,1.57352,0.87114,0.72993,0.56215,0.35561,0.26591,2.21507,2016
"Uruguay","Latin America and Caribbean",6.545,1.18157,1.03143,0.72183,0.54388,0.21394,0.18056,2.67139,2016
"Malta","Western Europe",6.488,1.30782,1.09879,0.80315,0.54994,0.17554,0.56237,1.99032,2016
"Colombia","Latin America and Caribbean",6.481,1.03032,1.02169,0.59659,0.44735,0.05399,0.15626,3.17471,2016
"France","Western Europe",6.478,1.39488,1.00508,0.83795,0.46562,0.17808,0.1216,2.4744,2016
"Thailand","Southeastern Asia",6.474,1.0893,1.04477,0.64915,0.49553,0.02833,0.58696,2.5796,2016
"Saudi Arabia","Middle East and Northern Africa",6.379,1.48953,0.84829,0.59267,0.37904,0.30008,0.15457,2.61482,2016
"Taiwan","Eastern Asia",6.379,1.39729,0.92624,0.79565,0.32377,0.0663,0.25495,2.61523,2016
"Qatar","Middle East and Northern Africa",6.375,1.82427,0.87964,0.71723,0.56679,0.48049,0.32388,1.58224,2016
"Spain","Western Europe",6.361,1.34253,1.12945,0.87896,0.37545,0.06137,0.17665,2.39663,2016
"Algeria","Middle East and Northern Africa",6.355,1.05266,0.83309,0.61804,0.21006,0.16157,0.07044,3.40904,2016
"Guatemala","Latin America and Caribbean",6.324,0.83454,0.87119,0.54039,0.50379,0.08701,0.28808,3.19863,2016
"Suriname","Latin America and Caribbean",6.269,1.09686,0.77866,0.50933,0.52234,0.12692,0.16665,3.06852,2016
"Kuwait","Middle East and Northern Africa",6.239,1.61714,0.87758,0.63569,0.43166,0.23669,0.15965,2.28085,2016
"Bahrain","Middle East and Northern Africa",6.218,1.44024,0.94397,0.65696,0.47375,0.25772,0.17147,2.27405,2016
"Trinidad and Tobago","Latin America and Caribbean",6.168,1.32572,0.98569,0.52608,0.48453,0.01241,0.31935,2.51394,2016
"Venezuela","Latin America and Caribbean",6.084,1.13367,1.03302,0.61904,0.19847,0.08304,0.0425,2.97468,2016
"Slovakia","Central and Eastern Europe",6.078,1.27973,1.08268,0.70367,0.23391,0.02947,0.13837,2.61065,2016
"El Salvador","Latin America and Caribbean",6.068,0.8737,0.80975,0.596,0.37269,0.10613,0.08877,3.22134,2016
"Malaysia","Southeastern Asia",6.005,1.25142,0.88025,0.62366,0.39031,0.09081,0.41474,2.35384,2016
"Nicaragua","Latin America and Caribbean",5.992,0.69384,0.89521,0.65213,0.46582,0.16292,0.29773,2.82428,2016
"Uzbekistan","Central and Eastern Europe",5.987,0.73591,1.1681,0.50163,0.60848,0.28333,0.34326,2.34638,2016
"Italy","Western Europe",5.977,1.35495,1.04167,0.85102,0.18827,0.02556,0.16684,2.34918,2016
"Ecuador","Latin America and Caribbean",5.976,0.97306,0.85974,0.68613,0.4027,0.18037,0.10074,2.77366,2016
"Belize","Latin America and Caribbean",5.956,0.87616,0.68655,0.45569,0.51231,0.10771,0.23684,3.08039,2016
"Japan","Eastern Asia",5.921,1.38007,1.06054,0.91491,0.46761,0.18985,0.10224,1.80584,2016
"Kazakhstan","Central and Eastern Europe",5.919,1.22943,0.95544,0.57386,0.4052,0.11132,0.15011,2.49325,2016
"Moldova","Central and Eastern Europe",5.897,0.69177,0.83132,0.52309,0.25202,0.01903,0.19997,3.38007,2016
"Russia","Central and Eastern Europe",5.856,1.23228,1.05261,0.58991,0.32682,0.03586,0.02736,2.59115,2016
"Poland","Central and Eastern Europe",5.835,1.24585,1.04685,0.69058,0.4519,0.055,0.14443,2.20035,2016
"South Korea","Eastern Asia",5.835,1.35948,0.72194,0.88645,0.25168,0.07716,0.18824,2.35015,2016
"Bolivia","Latin America and Caribbean",5.822,0.79422,0.83779,0.4697,0.50961,0.07746,0.21698,2.91635,2016
"Lithuania","Central and Eastern Europe",5.813,1.2692,1.06411,0.64674,0.18929,0.0182,0.02025,2.60525,2016
"Belarus","Central and Eastern Europe",5.802,1.13062,1.04993,0.63104,0.29091,0.17457,0.13942,2.38582,2016
"North Cyprus","Western Europe",5.771,1.31141,0.81826,0.84142,0.43596,0.16578,0.26322,1.93447,2016
"Slovenia","Central and Eastern Europe",5.768,1.29947,1.05613,0.79151,0.53164,0.03635,0.25738,1.79522,2016
"Peru","Latin America and Caribbean",5.743,0.99602,0.81255,0.62994,0.37502,0.05292,0.14527,2.73117,2016
"Turkmenistan","Central and Eastern Europe",5.658,1.08017,1.03817,0.44006,0.37408,0.28467,0.22567,2.21489,2016
"Mauritius","Sub-Saharan Africa",5.648,1.14372,0.75695,0.66189,0.46145,0.05203,0.36951,2.20223,2016
"Libya","Middle East and Northern Africa",5.615,1.06688,0.95076,0.52304,0.40672,0.10339,0.17087,2.39374,2016
"Latvia","Central and Eastern Europe",5.56,1.21788,0.95025,0.63952,0.27996,0.0889,0.17445,2.20859,2016
"Cyprus","Western Europe",5.546,1.31857,0.70697,0.8488,0.29507,0.05228,0.27906,2.04497,2016
"Paraguay","Latin America and Caribbean",5.538,0.89373,1.11111,0.58295,0.46235,0.07396,0.25296,2.16091,2016
"Romania","Central and Eastern Europe",5.528,1.1697,0.72803,0.67602,0.36712,0.00679,0.12889,2.45184,2016
"Estonia","Central and Eastern Europe",5.517,1.27964,1.05163,0.68098,0.41511,0.18519,0.08423,1.81985,2016
"Jamaica","Latin America and Caribbean",5.51,0.89333,0.96372,0.59469,0.43597,0.04294,0.22245,2.35682,2016
"Croatia","Central and Eastern Europe",5.488,1.18649,0.60809,0.70524,0.23907,0.04002,0.18434,2.52462,2016
"Hong Kong","Eastern Asia",5.458,1.5107,0.87021,0.95277,0.48079,0.31647,0.40097,0.92614,2016
"Somalia","Sub-Saharan Africa",5.44,0,0.33613,0.11466,0.56778,0.3118,0.27225,3.83772,2016
"Kosovo","Central and Eastern Europe",5.401,0.90145,0.66062,0.54,0.14396,0.06547,0.27992,2.80998,2016
"Turkey","Middle East and Northern Africa",5.389,1.16492,0.87717,0.64718,0.23889,0.12348,0.04707,2.29074,2016
"Indonesia","Southeastern Asia",5.314,0.95104,0.87625,0.49374,0.39237,0.00322,0.56521,2.03171,2016
"Jordan","Middle East and Northern Africa",5.303,0.99673,0.86216,0.60712,0.36023,0.13297,0.14262,2.20142,2016
"Azerbaijan","Central and Eastern Europe",5.291,1.12373,0.76042,0.54504,0.35327,0.17914,0.0564,2.2735,2016
"Philippines","Southeastern Asia",5.279,0.81217,0.87877,0.47036,0.54854,0.11757,0.21674,2.23484,2016
"China","Eastern Asia",5.245,1.0278,0.79381,0.73561,0.44012,0.02745,0.04959,2.17087,2016
"Bhutan","Southern Asia",5.196,0.8527,0.90836,0.49759,0.46074,0.1616,0.48546,1.82916,2016
"Kyrgyzstan","Central and Eastern Europe",5.185,0.56044,0.95434,0.55449,0.40212,0.04762,0.38432,2.28136,2016
"Serbia","Central and Eastern Europe",5.177,1.03437,0.81329,0.6458,0.15718,0.04339,0.20737,2.27539,2016
"Bosnia and Herzegovina","Central and Eastern Europe",5.163,0.93383,0.64367,0.70766,0.09511,0,0.29889,2.48406,2016
"Montenegro","Central and Eastern Europe",5.161,1.07838,0.74173,0.63533,0.15111,0.12721,0.17191,2.25531,2016
"Dominican Republic","Latin America and Caribbean",5.155,1.02787,0.99496,0.57669,0.52259,0.12372,0.21286,1.69626,2016
"Morocco","Middle East and Northern Africa",5.151,0.84058,0.38595,0.59471,0.25646,0.08404,0.04053,2.94891,2016
"Hungary","Central and Eastern Europe",5.145,1.24142,0.93164,0.67608,0.1977,0.04472,0.099,1.95473,2016
"Pakistan","Southern Asia",5.132,0.68816,0.26135,0.40306,0.14622,0.1388,0.31185,3.18286,2016
"Lebanon","Middle East and Northern Africa",5.129,1.12268,0.64184,0.76171,0.26228,0.03061,0.23693,2.07339,2016
"Portugal","Western Europe",5.123,1.27607,0.94367,0.79363,0.44727,0.01521,0.11691,1.53015,2016
"Macedonia","Central and Eastern Europe",5.121,1.0193,0.78236,0.64738,0.27668,0.07047,0.23507,2.08947,2016
"Vietnam","Southeastern Asia",5.061,0.74037,0.79117,0.66157,0.55954,0.11556,0.25075,1.9418,2016
"Somaliland Region","Sub-Saharan Africa",5.057,0.25558,0.75862,0.33108,0.3913,0.36794,0.51479,2.43801,2016
"Tunisia","Middle East and Northern Africa",5.045,0.97724,0.43165,0.59577,0.23553,0.0817,0.03936,2.68413,2016
"Greece","Western Europe",5.033,1.24886,0.75473,0.80029,0.05822,0.04127,0,2.12944,2016
"Tajikistan","Central and Eastern Europe",4.996,0.48835,0.75602,0.53119,0.43408,0.13509,0.25998,2.39106,2016
"Mongolia","Eastern Asia",4.907,0.98853,1.08983,0.55469,0.35972,0.03285,0.34539,1.53586,2016
"Laos","Southeastern Asia",4.876,0.68042,0.5497,0.38291,0.52168,0.22423,0.43079,2.08637,2016
"Nigeria","Sub-Saharan Africa",4.875,0.75216,0.64498,0.05108,0.27854,0.0305,0.23219,2.88586,2016
"Honduras","Latin America and Caribbean",4.871,0.69429,0.75596,0.58383,0.26755,0.06906,0.2044,2.29551,2016
"Iran","Middle East and Northern Africa",4.813,1.11758,0.38857,0.64232,0.22544,0.0557,0.38538,1.99817,2016
"Zambia","Sub-Saharan Africa",4.795,0.61202,0.6376,0.23573,0.42662,0.11479,0.17866,2.58991,2016
"Nepal","Southern Asia",4.793,0.44626,0.69699,0.50073,0.37012,0.07008,0.3816,2.32694,2016
"Palestinian Territories","Middle East and Northern Africa",4.754,0.67024,0.71629,0.56844,0.17744,0.10613,0.11154,2.40364,2016
"Albania","Central and Eastern Europe",4.655,0.9553,0.50163,0.73007,0.31866,0.05301,0.1684,1.92816,2016
"Bangladesh","Southern Asia",4.643,0.54177,0.24749,0.52989,0.39778,0.12583,0.19132,2.60904,2016
"Sierra Leone","Sub-Saharan Africa",4.635,0.36485,0.628,0,0.30685,0.08196,0.23897,3.01402,2016
"Iraq","Middle East and Northern Africa",4.575,1.07474,0.59205,0.51076,0.24856,0.13636,0.19589,1.81657,2016
"Namibia","Sub-Saharan Africa",4.574,0.93287,0.70362,0.34745,0.48614,0.10398,0.07795,1.92198,2016
"Cameroon","Sub-Saharan Africa",4.513,0.52497,0.62542,0.12698,0.42736,0.06126,0.2268,2.5198,2016
"Ethiopia","Sub-Saharan Africa",4.508,0.29283,0.37932,0.34578,0.36703,0.1717,0.29522,2.65614,2016
"South Africa","Sub-Saharan Africa",4.459,1.02416,0.96053,0.18611,0.42483,0.08415,0.13656,1.64227,2016
"Sri Lanka","Southern Asia",4.415,0.97318,0.84783,0.62007,0.50817,0.07964,0.46978,0.91681,2016
"India","Southern Asia",4.404,0.74036,0.29247,0.45091,0.40285,0.08722,0.25028,2.18032,2016
"Myanmar","Southeastern Asia",4.395,0.34112,0.69981,0.3988,0.42692,0.20243,0.81971,1.50655,2016
"Egypt","Middle East and Northern Africa",4.362,0.95395,0.49813,0.52116,0.18847,0.10393,0.12706,1.96895,2016
"Armenia","Central and Eastern Europe",4.36,0.86086,0.62477,0.64083,0.14037,0.03616,0.07793,1.97864,2016
"Kenya","Sub-Saharan Africa",4.356,0.52267,0.7624,0.30147,0.40576,0.06686,0.41328,1.88326,2016
"Ukraine","Central and Eastern Europe",4.324,0.87287,1.01413,0.58628,0.12859,0.01829,0.20363,1.50066,2016
"Ghana","Sub-Saharan Africa",4.276,0.63107,0.49353,0.29681,0.40973,0.0326,0.21203,2.2002,2016
"Congo (Kinshasa)","Sub-Saharan Africa",4.272,0.05661,0.80676,0.188,0.15602,0.06075,0.25458,2.74924,2016
"Georgia","Central and Eastern Europe",4.252,0.83792,0.19249,0.64035,0.32461,0.3188,0.06786,1.87031,2016
"Congo (Brazzaville)","Sub-Saharan Africa",4.236,0.77109,0.47799,0.28212,0.37938,0.09753,0.12077,2.10681,2016
"Senegal","Sub-Saharan Africa",4.219,0.44314,0.77416,0.40457,0.31056,0.11681,0.19103,1.97861,2016
"Bulgaria","Central and Eastern Europe",4.217,1.11306,0.92542,0.67806,0.21219,0.00615,0.12793,1.15377,2016
"Mauritania","Sub-Saharan Africa",4.201,0.61391,0.84142,0.28639,0.1268,0.17955,0.22686,1.9263,2016
"Zimbabwe","Sub-Saharan Africa",4.193,0.35041,0.71478,0.1595,0.25429,0.08582,0.18503,2.4427,2016
"Malawi","Sub-Saharan Africa",4.156,0.08709,0.147,0.29364,0.4143,0.07564,0.30968,2.82859,2016
"Sudan","Sub-Saharan Africa",4.139,0.63069,0.81928,0.29759,0,0.10039,0.18077,2.10995,2016
"Gabon","Sub-Saharan Africa",4.121,1.15851,0.72368,0.3494,0.28098,0.09314,0.06244,1.45332,2016
"Mali","Sub-Saharan Africa",4.073,0.31292,0.86333,0.16347,0.27544,0.13647,0.21064,2.11087,2016
"Haiti","Latin America and Caribbean",4.028,0.34097,0.29561,0.27494,0.12072,0.14476,0.47958,2.37116,2016
"Botswana","Sub-Saharan Africa",3.974,1.09426,0.89186,0.34752,0.44089,0.10769,0.12425,0.96741,2016
"Comoros","Sub-Saharan Africa",3.956,0.27509,0.60323,0.29981,0.15412,0.18437,0.1827,2.25632,2016
"Ivory Coast","Sub-Saharan Africa",3.916,0.55507,0.57576,0.04476,0.40663,0.1553,0.20338,1.97478,2016
"Cambodia","Southeastern Asia",3.907,0.55604,0.5375,0.42494,0.58852,0.08092,0.40339,1.31573,2016
"Angola","Sub-Saharan Africa",3.866,0.84731,0.66366,0.04991,0.00589,0.08434,0.12071,2.09459,2016
"Niger","Sub-Saharan Africa",3.856,0.1327,0.6053,0.26162,0.38041,0.17176,0.2097,2.09469,2016
"South Sudan","Sub-Saharan Africa",3.832,0.39394,0.18519,0.15781,0.19662,0.13015,0.25899,2.50929,2016
"Chad","Sub-Saharan Africa",3.763,0.42214,0.63178,0.03824,0.12807,0.04952,0.18667,2.30637,2016
"Burkina Faso","Sub-Saharan Africa",3.739,0.31995,0.63054,0.21297,0.3337,0.12533,0.24353,1.87319,2016
"Uganda","Sub-Saharan Africa",3.739,0.34719,0.90981,0.19625,0.43653,0.06442,0.27102,1.51416,2016
"Yemen","Middle East and Northern Africa",3.724,0.57939,0.47493,0.31048,0.2287,0.05892,0.09821,1.97295,2016
"Madagascar","Sub-Saharan Africa",3.695,0.27954,0.46115,0.37109,0.13684,0.07506,0.2204,2.15075,2016
"Tanzania","Sub-Saharan Africa",3.666,0.47155,0.77623,0.357,0.3176,0.05099,0.31472,1.37769,2016
"Liberia","Sub-Saharan Africa",3.622,0.10706,0.50353,0.23165,0.25748,0.04852,0.24063,2.23284,2016
"Guinea","Sub-Saharan Africa",3.607,0.22415,0.3109,0.18829,0.30953,0.1192,0.29914,2.15604,2016
"Rwanda","Sub-Saharan Africa",3.515,0.32846,0.61586,0.31865,0.5432,0.50521,0.23552,0.96819,2016
"Benin","Sub-Saharan Africa",3.484,0.39499,0.10419,0.21028,0.39747,0.06681,0.2018,2.10812,2016
"Afghanistan","Southern Asia",3.36,0.38227,0.11037,0.17344,0.1643,0.07112,0.31268,2.14558,2016
"Togo","Sub-Saharan Africa",3.303,0.28123,0,0.24811,0.34678,0.11587,0.17517,2.1354,2016
"Syria","Middle East and Northern Africa",3.069,0.74719,0.14866,0.62994,0.06912,0.17233,0.48397,0.81789,2016
"Burundi","Sub-Saharan Africa",2.905,0.06831,0.23442,0.15747,0.0432,0.09419,0.2029,2.10404,2016
"Norway","Western Europe",7.5370001793,1.6164631844,1.5335235596,0.796666503,0.6354225874,0.3620122373,0.3159638345,2.2770266533,2017
"Denmark","Western Europe",7.521999836,1.4823830128,1.5511215925,0.7925655246,0.6260067225,0.3552804887,0.4007700682,2.3137073517,2017
"Iceland","Western Europe",7.5040001869,1.4806330204,1.610574007,0.8335521221,0.6271626353,0.4755402207,0.1535265595,2.3227152824,2017
"Switzerland","Western Europe",7.493999958,1.5649795532,1.5169117451,0.8581312895,0.6200705767,0.2905492783,0.3670072854,2.2767162323,2017
"Finland","Western Europe",7.4689998627,1.4435719252,1.5402467251,0.8091576695,0.6179508567,0.2454827726,0.3826115429,2.4301815033,2017
"Netherlands","Western Europe",7.376999855,1.5039446354,1.4289392233,0.810696125,0.5853844881,0.4704898298,0.2826618254,2.2948040962,2017
"Canada","North America",7.3159999847,1.4792044163,1.4813489914,0.8345576525,0.6111009121,0.4355397224,0.2873715162,2.1872644424,2017
"New Zealand","Australia and New Zealand",7.3140001297,1.405706048,1.5481951237,0.8167597055,0.6140621305,0.500005126,0.3828167021,2.046456337,2017
"Sweden","Western Europe",7.2839999199,1.494387269,1.4781621695,0.8308751583,0.612924099,0.3853992522,0.3843987286,2.0975379944,2017
"Australia","Australia and New Zealand",7.2839999199,1.4844149351,1.5100419521,0.8438867927,0.6016073823,0.47769925,0.3011837304,2.0652108192,2017
"Israel","Middle East and Northern Africa",7.2129998207,1.3753824234,1.3762899637,0.8384039998,0.4059886038,0.330082655,0.0852421001,2.8017573357,2017
"Costa Rica","Latin America and Caribbean",7.0789999962,1.1097062826,1.4164036512,0.7595092654,0.58013165,0.214613229,0.1001065895,2.8986392021,2017
"Austria","Western Europe",7.006000042,1.4870972633,1.4599449635,0.8153284192,0.5677661896,0.3164723217,0.2210603654,2.1385064125,2017
"United States","North America",6.9930000305,1.546259284,1.4199205637,0.7742866278,0.5057405233,0.3925787807,0.1356387883,2.2181134224,2017
"Ireland","Western Europe",6.9770002365,1.5357066393,1.5582311153,0.8097826242,0.573110342,0.4278583229,0.2983881533,1.7738690376,2017
"Germany","Western Europe",6.9510002136,1.4879233837,1.4725203514,0.7989507318,0.5625113845,0.33626917,0.2767319381,2.0157699585,2017
"Belgium","Western Europe",6.890999794,1.4637807608,1.4623126984,0.8180918694,0.5397707224,0.2315033376,0.2513431311,2.1242103577,2017
"Luxembourg","Western Europe",6.8629999161,1.7419435978,1.4575836658,0.8450894952,0.5966278911,0.2831809819,0.318834424,1.6195120811,2017
"United Kingdom","Western Europe",6.7140002251,1.4416339397,1.4964600801,0.8053359389,0.5081900358,0.4927741587,0.2654280663,1.7041435242,2017
"Chile","Latin America and Caribbean",6.6519999504,1.2527846098,1.2840249538,0.8194797039,0.3768952787,0.3266624212,0.0822879821,2.5095858574,2017
"United Arab Emirates","Middle East and Northern Africa",6.6479997635,1.6263433695,1.2664102316,0.7267982364,0.6083452702,0.3609419465,0.3244895637,1.7347035408,2017
"Brazil","Latin America and Caribbean",6.6350002289,1.1073532104,1.4313060045,0.6165523529,0.4374537468,0.1623498946,0.1110927612,2.7692670822,2017
"Czech Republic","Central and Eastern Europe",6.609000206,1.3526823521,1.4338852167,0.7544440031,0.4909461737,0.0881067589,0.0368729271,2.4518618584,2017
"Argentina","Latin America and Caribbean",6.5989999771,1.1852954626,1.4404511452,0.6951370835,0.4945192039,0.1094570607,0.0597398877,2.6140053272,2017
"Mexico","Latin America and Caribbean",6.5780000687,1.1531838179,1.2108621597,0.7099789977,0.4127300084,0.1209904328,0.1327741146,2.8371548653,2017
"Singapore","Southeastern Asia",6.5720000267,1.6922776699,1.3538143635,0.9494923949,0.5498405695,0.3459659815,0.464307785,1.2163619995,2017
"Malta","Western Europe",6.5269999504,1.3432798386,1.488411665,0.8219442368,0.5887670517,0.5747305751,0.1530660689,1.5568628311,2017
"Uruguay","Latin America and Caribbean",6.4539999962,1.2175596952,1.412227869,0.7192168236,0.5793922544,0.1750969291,0.1780618727,2.1724095345,2017
"Guatemala","Latin America and Caribbean",6.4539999962,0.872001946,1.2555851936,0.5402399898,0.5313106179,0.2834883928,0.0772232786,2.8938910961,2017
"Panama","Latin America and Caribbean",6.4520001411,1.233748436,1.3731925488,0.7061561346,0.550026834,0.2105569392,0.070983924,2.307199955,2017
"France","Western Europe",6.4419999123,1.4309234619,1.3877768517,0.8444658518,0.4702221155,0.1297623068,0.1725024283,2.0059547424,2017
"Thailand","Southeastern Asia",6.4239997864,1.1278687716,1.4257924557,0.6472390294,0.5802007318,0.5721231103,0.0316127352,2.0395083427,2017
"Taiwan Province of China","Eastern Asia",6.4219999313,1.4336265326,1.3845653534,0.7939842343,0.3614665866,0.2583604753,0.0638292357,2.1266074181,2017
"Spain","Western Europe",6.4029998779,1.3843978643,1.5320909023,0.8889605999,0.4087812304,0.1901335716,0.0709140971,1.92775774,2017
"Qatar","Middle East and Northern Africa",6.375,1.870765686,1.2742968798,0.7100980878,0.6041309834,0.33047387,0.4392992556,1.1454644203,2017
"Colombia","Latin America and Caribbean",6.3569998741,1.0706223249,1.4021829367,0.5950279236,0.4774874151,0.149014473,0.0466687419,2.6160681248,2017
"Saudi Arabia","Middle East and Northern Africa",6.3439998627,1.5306235552,1.286677599,0.5901483297,0.4497505724,0.1476160139,0.2734322548,2.0654296875,2017
"Trinidad and Tobago","Latin America and Caribbean",6.1680002213,1.3613559008,1.3802285194,0.5199832916,0.518630743,0.3252964616,0.0089648161,2.0532474518,2017
"Kuwait","Middle East and Northern Africa",6.1050000191,1.6329524517,1.2596987486,0.6321057081,0.4963375926,0.2282897979,0.2151595503,1.6404252052,2017
"Slovakia","Central and Eastern Europe",6.0980000496,1.3253935575,1.5050592422,0.7127329111,0.2958174646,0.1365444809,0.0242108516,2.0977766514,2017
"Bahrain","Middle East and Northern Africa",6.0869998932,1.488412261,1.3231104612,0.6531330347,0.5367469192,0.1726684868,0.2570421696,1.6561493874,2017
"Malaysia","Southeastern Asia",6.0840001106,1.2912154198,1.2846460342,0.6187844276,0.4022649825,0.4166089296,0.0656007081,2.0044488907,2017
"Nicaragua","Latin America and Caribbean",6.0710000992,0.7372992039,1.2872157097,0.6530959606,0.4475518465,0.301674217,0.1306879818,2.5139305592,2017
"Ecuador","Latin America and Caribbean",6.007999897,1.0008203983,1.2861688137,0.6856362224,0.4551981986,0.150112465,0.1401346475,2.2903525829,2017
"El Salvador","Latin America and Caribbean",6.0029997826,0.9097844958,1.1821250916,0.5960185528,0.4324525297,0.0782579854,0.0899809599,2.7145938873,2017
"Poland","Central and Eastern Europe",5.9730000496,1.2917878628,1.4457119703,0.699475348,0.5203421116,0.1584659666,0.0593078062,1.7977228165,2017
"Uzbekistan","Central and Eastern Europe",5.9710001945,0.7864410877,1.5489691496,0.4982726276,0.6582486629,0.4159836471,0.2465282232,1.8169136047,2017
"Italy","Western Europe",5.9640002251,1.3950666189,1.4449232817,0.8531443477,0.2564507127,0.1727896482,0.0280280914,1.8133120537,2017
"Russia","Central and Eastern Europe",5.9629998207,1.2817780972,1.4692823887,0.5473493338,0.3737831116,0.0522638224,0.032962881,2.2056074142,2017
"Belize","Latin America and Caribbean",5.9559998512,0.907975316,1.081417799,0.450191766,0.5475093722,0.2400156409,0.0965810716,2.6319556236,2017
"Japan","Eastern Asia",5.9200000763,1.4169151783,1.4363378286,0.9134758711,0.505625546,0.1205727682,0.1637607366,1.3632235527,2017
"Lithuania","Central and Eastern Europe",5.9019999504,1.3145823479,1.4735161066,0.6289499402,0.2342317849,0.0101646567,0.0118656429,2.2284405231,2017
"Algeria","Middle East and Northern Africa",5.8720002174,1.0918644667,1.1462174654,0.6175846457,0.2333358079,0.069436647,0.1460961103,2.5676038265,2017
"Latvia","Central and Eastern Europe",5.8499999046,1.2607486248,1.404714942,0.6385669708,0.3257079124,0.1530747861,0.0738427266,1.9936552048,2017
"South Korea","Eastern Asia",5.8379998207,1.401678443,1.1282744408,0.900214076,0.2579216659,0.2066743672,0.0632826686,1.8803780079,2017
"Moldova","Central and Eastern Europe",5.8379998207,0.7288706303,1.2518255711,0.5894652009,0.2407290488,0.2087791264,0.0100912862,2.8078083992,2017
"Romania","Central and Eastern Europe",5.8249998093,1.2176839113,1.1500912905,0.6851583123,0.4570037425,0.1335199177,0.0043879007,2.1768314838,2017
"Bolivia","Latin America and Caribbean",5.8229999542,0.833756566,1.2276190519,0.4736302495,0.5587329268,0.2255607247,0.0604777262,2.4432790279,2017
"Turkmenistan","Central and Eastern Europe",5.8220000267,1.130776763,1.4931491613,0.4377260804,0.418271929,0.2499249876,0.2592703402,1.8329098225,2017
"Kazakhstan","Central and Eastern Europe",5.8189997673,1.2845562696,1.3843690157,0.6060415506,0.4374542832,0.2019644231,0.1192828864,1.7848925591,2017
"North Cyprus","Western Europe",5.8099999428,1.3469113111,1.1863033772,0.8346472383,0.4712036252,0.2668457031,0.1553533524,1.5491576195,2017
"Slovenia","Central and Eastern Europe",5.757999897,1.3412059546,1.4525188208,0.790828228,0.5725758076,0.2426490933,0.0451289788,1.3133172989,2017
"Peru","Latin America and Caribbean",5.7150001526,1.0352252722,1.2187703848,0.6301661134,0.4500028789,0.1268197149,0.0470490865,2.2072694302,2017
"Mauritius","Sub-Saharan Africa",5.6290001869,1.1893955469,1.2095609903,0.638007462,0.4912473261,0.3609337509,0.0421815552,1.6975839138,2017
"Cyprus","Western Europe",5.6209998131,1.355938077,1.1313632727,0.8447147012,0.3551115394,0.2712543011,0.0412379764,1.6212491989,2017
"Estonia","Central and Eastern Europe",5.611000061,1.3208793402,1.4766710997,0.6951683164,0.4791314304,0.0988908112,0.1832489222,1.3575086594,2017
"Belarus","Central and Eastern Europe",5.5689997673,1.15655756,1.4449452162,0.6377142668,0.2954002619,0.1551375091,0.1563138217,1.7232329845,2017
"Libya","Middle East and Northern Africa",5.5250000954,1.1018030643,1.3575643301,0.5201690197,0.4657332301,0.1520736665,0.0926102102,1.8350112438,2017
"Turkey","Middle East and Northern Africa",5.5,1.198274374,1.3377531767,0.6376056075,0.3007405996,0.0466930419,0.0996715799,1.8792779446,2017
"Paraguay","Latin America and Caribbean",5.4930000305,0.9325373173,1.5072848797,0.5792506933,0.4735077918,0.2241506577,0.0910659134,1.6853334904,2017
"Hong Kong S.A.R., China","Eastern Asia",5.4720001221,1.5516748428,1.2627909184,0.9430624247,0.4909686446,0.3744657934,0.2939337492,0.5546331406,2017
"Philippines","Southeastern Asia",5.4299998283,0.8576992154,1.2539175749,0.4680090547,0.5852146745,0.1935134232,0.099331893,1.9726047516,2017
"Serbia","Central and Eastern Europe",5.3949999809,1.0693175793,1.2581897974,0.6507846713,0.2087155282,0.2201258838,0.0409037806,1.9470844269,2017
"Jordan","Middle East and Northern Africa",5.3359999657,0.9910123944,1.2390888929,0.6045900583,0.4184211493,0.1721704602,0.1198032722,1.7911765575,2017
"Hungary","Central and Eastern Europe",5.3239998817,1.2860119343,1.3431330919,0.6877634525,0.1758635193,0.0784016624,0.0366369374,1.7164592743,2017
"Jamaica","Latin America and Caribbean",5.3109998703,0.9255793095,1.3682180643,0.6410223842,0.4743072391,0.2338183373,0.055267781,1.6123256683,2017
"Croatia","Central and Eastern Europe",5.2930002213,1.2225562334,0.9679830074,0.7012885213,0.2557722926,0.2480029762,0.04310311,1.8544924259,2017
"Kosovo","Central and Eastern Europe",5.2789998055,0.9514843822,1.1378535032,0.5414520502,0.2602879405,0.3199314475,0.0574716181,2.0105407238,2017
"China","Eastern Asia",5.2729997635,1.0811657906,1.1608374119,0.7414155006,0.472787708,0.028806841,0.0227942746,1.7649385929,2017
"Pakistan","Southern Asia",5.2690000534,0.7268835306,0.6726906896,0.4020477831,0.2352152616,0.3154460192,0.1243480667,2.7924892902,2017
"Indonesia","Southeastern Asia",5.2620000839,0.9955385923,1.2744446993,0.4923457205,0.4433234632,0.6117045879,0.0153171355,1.4294769764,2017
"Venezuela","Latin America and Caribbean",5.25,1.128431201,1.431337595,0.617144227,0.1539971232,0.0650196299,0.064491123,1.7894637585,2017
"Montenegro","Central and Eastern Europe",5.2369999886,1.1211290359,1.2383764982,0.6674646735,0.1949890554,0.1979110241,0.0881741941,1.7291915417,2017
"Morocco","Middle East and Northern Africa",5.2350001335,0.8781145811,0.7748644352,0.597710669,0.4081583321,0.0322099552,0.0877631828,2.456189394,2017
"Azerbaijan","Central and Eastern Europe",5.234000206,1.1536017656,1.1524002552,0.5407757759,0.3981558383,0.0452693403,0.1809875071,1.7624816895,2017
"Dominican Republic","Latin America and Caribbean",5.2300000191,1.0793738365,1.4024167061,0.5748737454,0.5525898337,0.1869678497,0.1139452532,1.3194651604,2017
"Greece","Western Europe",5.2270002365,1.2894874811,1.2394145727,0.8101989031,0.0957312509,0,0.0432897769,1.7492215633,2017
"Lebanon","Middle East and Northern Africa",5.2249999046,1.0749875307,1.1296242476,0.7350810766,0.288515985,0.2644507587,0.0375138298,1.695073843,2017
"Portugal","Western Europe",5.1950001717,1.3151752949,1.3670430183,0.7958435416,0.4984652996,0.0951027125,0.0158694517,1.1076827049,2017
"Bosnia and Herzegovina","Central and Eastern Europe",5.1820001602,0.9824094176,1.0693359375,0.7051863074,0.2044031769,0.3288674951,0,1.892172575,2017
"Honduras","Latin America and Caribbean",5.1810002327,0.7305731177,1.1439449787,0.5825694799,0.3480798602,0.2361888736,0.0733454525,2.0658111572,2017
"Macedonia","Central and Eastern Europe",5.1750001907,1.0645779371,1.207893014,0.6449481845,0.3259059787,0.2537609637,0.0602777936,1.6174693108,2017
"Somalia","Sub-Saharan Africa",5.1510000229,0.0226431843,0.7211513519,0.1139891371,0.602126956,0.2916313112,0.2824103236,3.1174845695,2017
"Vietnam","Southeastern Asia",5.0739998817,0.7885475755,1.2774913311,0.6521689892,0.5710555911,0.2349680513,0.0876332372,1.4623186588,2017
"Nigeria","Sub-Saharan Africa",5.0739998817,0.7837562561,1.215770483,0.0569157302,0.3949525654,0.2309471965,0.0261215661,2.3653905392,2017
"Tajikistan","Central and Eastern Europe",5.0409998894,0.5247136354,1.271463275,0.5292351246,0.4715667069,0.2489976436,0.1463771462,1.8490493298,2017
"Bhutan","Southern Asia",5.0110001564,0.8854163885,1.3401265144,0.4958792925,0.5015376806,0.4740545452,0.1733803898,1.1401844025,2017
"Kyrgyzstan","Central and Eastern Europe",5.0040001869,0.5962200761,1.3942385912,0.5534577966,0.4549433887,0.4285803735,0.039439179,1.5367231369,2017
"Nepal","Southern Asia",4.9619998932,0.4798201919,1.1792832613,0.5041307807,0.4403059483,0.3940961659,0.0729755461,1.8912410736,2017
"Mongolia","Eastern Asia",4.9549999237,1.0272358656,1.4930112362,0.5577834845,0.3941439688,0.3384642303,0.0329022892,1.1112923622,2017
"South Africa","Sub-Saharan Africa",4.8289999962,1.0546987057,1.3847886324,0.1870800704,0.4792467356,0.1393623799,0.0725094974,1.5109086037,2017
"Tunisia","Middle East and Northern Africa",4.8049998283,1.0072658062,0.8683514595,0.613212049,0.2896806896,0.0496933572,0.0867231488,1.8902511597,2017
"Palestinian Territories","Middle East and Northern Africa",4.7750000954,0.7162492275,1.1556471586,0.5656669736,0.2547110617,0.1141731739,0.0892826021,1.878890276,2017
"Egypt","Middle East and Northern Africa",4.7350001335,0.9897018075,0.9974713922,0.5201872587,0.2821101546,0.1286314428,0.1143813655,1.7021610737,2017
"Bulgaria","Central and Eastern Europe",4.7140002251,1.1614590883,1.4343794584,0.7082176805,0.2892317176,0.1131776944,0.0110515309,0.9961392879,2017
"Sierra Leone","Sub-Saharan Africa",4.7090001106,0.3684209287,0.984136045,0.0055647539,0.318697691,0.2930409014,0.071095176,2.6684598923,2017
"Cameroon","Sub-Saharan Africa",4.6950001717,0.5643053651,0.946018219,0.1328921169,0.4303887486,0.2362984568,0.0513066314,2.3336455822,2017
"Iran","Middle East and Northern Africa",4.6919999123,1.156873107,0.711551249,0.6393331885,0.2493226081,0.3872429132,0.0487610735,1.498734951,2017
"Albania","Central and Eastern Europe",4.6440000534,0.9961927533,0.8036852479,0.7311597466,0.3814986348,0.2013129443,0.039864216,1.4904415607,2017
"Bangladesh","Southern Asia",4.6079998016,0.5866829753,0.7351317406,0.5332410336,0.4783566594,0.1722553521,0.1237178594,1.9787361622,2017
"Namibia","Sub-Saharan Africa",4.5739998817,0.9644343257,1.0984708071,0.3386118114,0.5203035474,0.077133745,0.0931469724,1.4818902016,2017
"Kenya","Sub-Saharan Africa",4.5529999733,0.5604794621,1.0679507256,0.3099883497,0.4527637661,0.4448603094,0.0646413192,1.6519021988,2017
"Mozambique","Sub-Saharan Africa",4.5500001907,0.23430565,0.870701015,0.1066544354,0.4807910919,0.3222281039,0.1794363856,2.3556509018,2017
"Myanmar","Southeastern Asia",4.5450000763,0.3671105504,1.1232359409,0.3975225687,0.5144920349,0.838075161,0.1888162047,1.1152904034,2017
"Senegal","Sub-Saharan Africa",4.5349998474,0.4793090224,1.1796919107,0.4093628526,0.3779222667,0.1834688932,0.115460448,1.7896461487,2017
"Zambia","Sub-Saharan Africa",4.513999939,0.6364067793,1.0031872988,0.2578358948,0.4616034925,0.2495801449,0.0782135502,1.8267054558,2017
"Iraq","Middle East and Northern Africa",4.4970002174,1.1027104855,0.9786131978,0.50118047,0.2885555327,0.199637264,0.1072157547,1.3189072609,2017
"Gabon","Sub-Saharan Africa",4.4650001526,1.1982102394,1.1556202173,0.3565785885,0.312328577,0.0437853783,0.0760467872,1.3229162693,2017
"Ethiopia","Sub-Saharan Africa",4.4600000381,0.3392338455,0.8646692038,0.3534097075,0.4088427424,0.3126507401,0.1654557139,2.0157437325,2017
"Sri Lanka","Southern Asia",4.4400000572,1.0098501444,1.259976387,0.6251308322,0.5612132549,0.4908635616,0.0736539662,0.4193892479,2017
"Armenia","Central and Eastern Europe",4.3759999275,0.9005967379,1.0074837208,0.637524426,0.1983032674,0.0834880918,0.0266744215,1.521499157,2017
"India","Southern Asia",4.3150000572,0.7922212481,0.7543725967,0.4554276168,0.469987005,0.2315384895,0.0922268853,1.5191171169,2017
"Mauritania","Sub-Saharan Africa",4.2919998169,0.6484572887,1.2720308304,0.2853492796,0.096098043,0.2018700242,0.1369570047,1.6516373158,2017
"Congo (Brazzaville)","Southeastern Asia",4.2909998894,0.8089642525,0.832044363,0.2899574339,0.4350258708,0.1208521277,0.0796181336,1.7241356373,2017
"Georgia","Central and Eastern Europe",4.2859997749,0.9506126642,0.570614934,0.6495469809,0.3094100356,0.0540088154,0.2516666353,1.5001378059,2017
"Congo (Kinshasa)","Sub-Saharan Africa",4.2800002098,0.0921023488,1.2290234566,0.1914070249,0.2359613478,0.2464558333,0.0602413565,2.2249586582,2017
"Mali","Sub-Saharan Africa",4.1900000572,0.4761804938,1.2814733982,0.1693656743,0.3066137433,0.1833541989,0.1049702466,1.6681909561,2017
"Ivory Coast","Sub-Saharan Africa",4.1799998283,0.6030489206,0.9047800303,0.0486421697,0.4477061927,0.2012374699,0.1300617754,1.8449642658,2017
"Cambodia","Southeastern Asia",4.1680002213,0.6017650962,1.0062383413,0.4297834039,0.6333758235,0.3859229684,0.068105951,1.0429410934,2017
"Sudan","Sub-Saharan Africa",4.138999939,0.6595166922,1.2140085697,0.2909208238,0.0149958553,0.1823174506,0.08984752,1.6870658398,2017
"Ghana","Sub-Saharan Africa",4.1199998856,0.6672248244,0.8736647367,0.2956377268,0.4230262935,0.2569239438,0.0253363699,1.5778675079,2017
"Ukraine","Central and Eastern Europe",4.0960001945,0.8946519494,1.3945375681,0.5759039521,0.1229747757,0.2700614631,0.0230294708,0.8143823147,2017
"Uganda","Sub-Saharan Africa",4.0809998512,0.3814307153,1.1298277378,0.2176326066,0.4431859553,0.3257660568,0.0570697188,1.5263626575,2017
"Burkina Faso","Sub-Saharan Africa",4.0320000648,0.3502277136,1.0432800055,0.2158442587,0.324367851,0.2508646846,0.120328106,1.7272129059,2017
"Niger","Sub-Saharan Africa",4.0279998779,0.1619253308,0.9930250049,0.268505007,0.3636586964,0.2286738455,0.1385729462,1.8739833832,2017
"Malawi","Sub-Saharan Africa",3.9700000286,0.2334420383,0.5125688314,0.3150895834,0.4669146538,0.2871704698,0.072711654,2.0817861557,2017
"Chad","Sub-Saharan Africa",3.9360001087,0.4380129874,0.9538558722,0.0411347151,0.1623420268,0.2161138505,0.0535818823,2.0712380409,2017
"Zimbabwe","Sub-Saharan Africa",3.875,0.375846535,1.0830959082,0.1967637539,0.336384207,0.1891434938,0.0953753814,1.5979702473,2017
"Lesotho","Sub-Saharan Africa",3.8080000877,0.5210212469,1.1900951862,0,0.3906612992,0.1574972719,0.11909464,1.4298353195,2017
"Angola","Sub-Saharan Africa",3.7950000763,0.8584281802,1.1044119596,0.0498686656,0,0.09792649,0.0697203353,1.6144824028,2017
"Afghanistan","Southern Asia",3.7939999104,0.4014772177,0.5815433264,0.1807467788,0.1061795205,0.3118709326,0.0611578301,2.1508011818,2017
"Botswana","Sub-Saharan Africa",3.7660000324,1.1220941544,1.2215549946,0.3417555094,0.5051963329,0.0993484482,0.0985831991,0.3779137135,2017
"Benin","Sub-Saharan Africa",3.6570000648,0.4310854077,0.4352998435,0.2099302113,0.4259627759,0.2079484612,0.0609290153,1.8856309652,2017
"Madagascar","Sub-Saharan Africa",3.6440000534,0.3058086932,0.9130203724,0.3752233088,0.1891967654,0.2087325305,0.0672319755,1.584612608,2017
"Haiti","Latin America and Caribbean",3.6029999256,0.3686102629,0.6404498219,0.27732113,0.0303698573,0.4892037809,0.0998721495,1.697167635,2017
"Yemen","Middle East and Northern Africa",3.5929999352,0.5916834474,0.935382247,0.3100809157,0.2494637221,0.1041252092,0.0567674227,1.345600605,2017
"South Sudan","Sub-Saharan Africa",3.5910000801,0.3972486258,0.6013231277,0.1634860039,0.1470624357,0.2856708169,0.1167935133,1.8795673847,2017
"Liberia","Sub-Saharan Africa",3.5329999924,0.119041793,0.8721179366,0.2299181968,0.3328811824,0.2665498853,0.0389482491,1.6732859612,2017
"Guinea","Sub-Saharan Africa",3.5069999695,0.2445499301,0.7912446856,0.1941291392,0.348587513,0.2648150921,0.1109376177,1.5523118973,2017
"Togo","Sub-Saharan Africa",3.4949998856,0.3054447174,0.4318825305,0.2471055686,0.3804261386,0.1968961507,0.0956650153,1.8372292519,2017
"Rwanda","Sub-Saharan Africa",3.4709999561,0.3687458932,0.9457070231,0.3264248073,0.581843853,0.2527560294,0.4552200139,0.5400612354,2017
"Syria","Middle East and Northern Africa",3.4619998932,0.7771531343,0.3961026073,0.5005333424,0.0815394446,0.4936637282,0.1513471305,1.0615735054,2017
"Tanzania","Sub-Saharan Africa",3.3489999771,0.5111358762,1.0419898033,0.3645092845,0.3900177777,0.3542563617,0.0660351068,0.6211304665,2017
"Burundi","Sub-Saharan Africa",2.9049999714,0.0916225687,0.6297935843,0.1516107917,0.0599007532,0.2044351846,0.084147945,1.683024168,2017
"Central African Republic","Sub-Saharan Africa",2.6930000782,0,0,0.0187726859,0.2708420455,0.2808764875,0.0565650761,2.0660047531,2017
