DATE,ManufEmp,CPIUrban,CPIRent,EmpRatio,CivEmpLevel,NonfarmPayroll,Recession,USLeadingIndex
1948-01-01,14402,23.700,27.000,56.6,56339,44224,0,
1948-02-01,14344,23.500,27.100,56.7,56440,43956,0,
1948-03-01,14373,23.400,27.100,56.1,56601,44291,0,
1948-04-01,14082,23.800,27.200,56.7,57471,44082,0,
1948-05-01,14019,23.900,27.300,56.2,57763,44471,0,
1948-06-01,14173,24.100,27.400,57.0,59724,44951,0,
1948-07-01,14230,24.400,27.500,57.1,59955,44989,0,
1948-08-01,14463,24.500,27.600,56.6,59677,45338,0,
1948-09-01,14667,24.500,27.800,56.6,59337,45796,0,
1948-10-01,14543,24.400,27.900,56.5,59290,45693,0,
1948-11-01,14388,24.200,28.000,56.5,58991,45588,0,
1948-12-01,14203,24.100,28.100,56.8,58554,46074,1,
1949-01-01,13833,24.000,28.200,56.2,56486,44159,1,
1949-02-01,13715,23.800,28.300,56.2,56320,43821,1,
1949-03-01,13554,23.800,28.400,56.0,56809,43747,1,
1949-04-01,13293,23.900,28.500,55.7,56929,43881,1,
1949-05-01,13034,23.800,28.600,55.4,57669,43636,1,
1949-06-01,13038,23.900,28.600,55.0,58231,43668,1,
1949-07-01,12932,23.700,28.700,55.0,58171,43352,1,
1949-08-01,13282,23.800,28.800,55.1,58504,43823,1,
1949-09-01,13467,23.900,28.900,55.3,58324,44335,1,
1949-10-01,13070,23.700,29.000,54.9,58050,43447,1,
1949-11-01,12977,23.800,29.100,55.6,58616,43653,0,
1949-12-01,13174,23.600,29.200,55.3,57712,44596,0,
1950-01-01,13122,23.500,29.400,55.1,56189,42976,0,
1950-02-01,13138,23.500,29.400,55.1,56197,42573,0,
1950-03-01,13248,23.600,29.500,55.1,56733,43410,0,
1950-04-01,13315,23.600,29.500,55.8,57812,44011,0,
1950-05-01,13558,23.700,29.700,55.8,58719,44377,0,
1950-06-01,13811,23.800,29.700,56.2,59997,45044,0,
1950-07-01,13932,24.100,29.800,56.1,59839,45272,0,
1950-08-01,14587,24.300,29.900,56.8,60948,46401,0,
1950-09-01,14804,24.400,29.900,56.6,60245,47005,0,
1950-10-01,14928,24.600,30.000,56.9,60708,47239,0,
1950-11-01,14852,24.700,30.100,56.9,60313,47207,0,
1950-12-01,14864,25.000,30.200,56.7,59352,47931,0,
1951-01-01,14889,25.400,30.200,56.9,58166,46686,0,
1951-02-01,15047,25.700,30.400,57.0,58102,46833,0,
1951-03-01,15085,25.800,30.600,57.7,59366,47312,0,
1951-04-01,15032,25.800,30.700,57.3,59206,47505,0,
1951-05-01,14960,25.900,30.800,57.6,60219,47624,0,
1951-06-01,15088,25.900,30.800,57.1,60373,48059,0,
1951-07-01,14973,25.900,30.900,57.6,60968,47888,0,
1951-08-01,15184,25.900,31.000,57.4,61128,48195,0,
1951-09-01,15223,26.100,31.200,57.1,60408,48486,0,
1951-10-01,15153,26.200,31.400,57.3,60906,48550,0,
1951-11-01,15089,26.400,31.500,57.1,60464,48621,0,
1951-12-01,15111,26.500,31.600,57.7,60252,49397,0,
1952-01-01,14989,26.500,31.700,57.7,58884,47659,0,
1952-02-01,15069,26.300,31.900,57.7,58834,47765,0,
1952-03-01,15090,26.300,31.900,57.1,58912,47931,0,
1952-04-01,15049,26.400,31.900,57.1,59232,48268,0,
1952-05-01,14953,26.400,32.100,57.3,60250,48319,0,
1952-06-01,14754,26.500,32.100,57.3,60988,48305,0,
1952-07-01,14569,26.700,32.200,57.0,60775,47977,0,
1952-08-01,15391,26.700,32.300,56.8,60872,49077,0,
1952-09-01,15769,26.700,32.300,57.4,61162,49829,0,
1952-10-01,15868,26.700,32.500,56.9,60992,50156,0,
1952-11-01,15952,26.700,32.700,57.5,61394,50346,0,
1952-12-01,16034,26.700,33.000,57.6,60748,51274,0,
1953-01-01,15973,26.600,33.100,57.8,60134,49470,0,
1953-02-01,16105,26.500,33.200,58.0,60271,49541,0,
1953-03-01,16231,26.600,33.200,58.1,60874,49878,0,
1953-04-01,16190,26.600,33.400,57.5,60757,50071,0,
1953-05-01,16165,26.700,33.600,57.1,61061,50182,0,
1953-06-01,16284,26.800,33.700,57.4,62166,50575,0,
1953-07-01,16214,26.800,33.800,57.4,62186,50390,0,
1953-08-01,16383,26.900,34.200,57.1,62271,50631,1,
1953-09-01,16354,26.900,34.400,56.8,61529,50867,1,
1953-10-01,16154,27.000,34.600,56.7,61805,50807,1,
1953-11-01,15860,26.900,34.800,56.5,61302,50472,1,
1953-12-01,15654,26.900,34.900,55.7,59796,50833,1,
1954-01-01,15341,26.900,34.900,55.7,58645,48766,1,
1954-02-01,15235,26.900,34.900,56.2,59059,48543,1,
1954-03-01,15150,26.900,35.000,55.7,59119,48519,1,
1954-04-01,14955,26.800,35.000,55.7,59537,48787,1,
1954-05-01,14808,26.900,35.100,55.4,60020,48679,1,
1954-06-01,14865,26.900,35.100,55.2,60497,48999,0,
1954-07-01,14647,26.900,35.100,55.0,60523,48704,0,
1954-08-01,14866,26.900,35.100,55.2,60858,48974,0,
1954-09-01,14998,26.800,35.200,55.5,60952,49391,0,
1954-10-01,15026,26.800,35.300,55.5,61210,49515,0,
1954-11-01,15069,26.800,35.300,55.5,60901,49765,0,
1954-12-01,15060,26.700,35.400,55.2,59990,50473,0,
1955-01-01,14939,26.700,35.400,55.7,59354,48764,0,
1955-02-01,15054,26.700,35.400,55.7,59336,48764,0,
1955-03-01,15193,26.700,35.500,55.8,59850,49269,0,
1955-04-01,15248,26.700,35.500,56.2,60861,49822,0,
1955-05-01,15324,26.700,35.600,56.3,61780,50254,0,
1955-06-01,15548,26.700,35.600,56.3,62568,50957,0,
1955-07-01,15458,26.800,35.600,56.9,63497,50868,0,
1955-08-01,15768,26.800,35.700,57.1,63876,51270,0,
1955-09-01,15856,26.900,35.700,57.2,63676,51791,0,
1955-10-01,15940,26.900,35.700,57.2,64138,52021,0,
1955-11-01,15987,26.900,35.800,57.4,63840,52193,0,
1955-12-01,15977,26.800,35.800,57.7,63268,52950,0,
1956-01-01,15801,26.800,35.900,57.8,62049,51249,0,
1956-02-01,15797,26.800,35.900,57.5,61773,51255,0,
1956-03-01,15743,26.800,35.900,57.3,62172,51531,0,
1956-04-01,15755,26.900,36.000,57.5,63002,51897,0,
1956-05-01,15706,27.000,36.100,57.6,64045,52245,0,
1956-06-01,15792,27.200,36.200,57.5,64707,52778,0,
1956-07-01,15316,27.400,36.400,57.5,64940,51847,0,
1956-08-01,15982,27.300,36.400,57.6,65085,52802,0,
1956-09-01,16062,27.400,36.500,57.6,64831,53165,0,
1956-10-01,16160,27.500,36.500,57.5,65074,53409,0,
1956-11-01,16102,27.500,36.600,57.3,64310,53435,0,
1956-12-01,16085,27.600,36.700,57.3,63619,54068,0,
1957-01-01,15896,27.600,36.700,57.0,61974,52168,0,
1957-02-01,15893,27.700,36.700,57.5,62512,52146,0,
1957-03-01,15887,27.800,36.700,57.6,63134,52336,0,
1957-04-01,15789,27.900,36.800,57.2,63512,52713,0,
1957-05-01,15736,28.000,36.800,57.1,64213,52896,0,
1957-06-01,15834,28.100,36.900,57.2,65127,53298,0,
1957-07-01,15722,28.300,37.000,57.5,65726,53041,0,
1957-08-01,15963,28.300,37.000,56.9,65009,53326,0,
1957-09-01,15932,28.300,37.100,57.0,64769,53536,1,
1957-10-01,15825,28.300,37.200,56.8,65112,53412,1,
1957-11-01,15647,28.400,37.300,56.4,64129,53161,1,
1957-12-01,15447,28.400,37.300,56.6,63598,53479,1,
1958-01-01,15055,28.600,37.400,55.9,61508,51353,1,
1958-02-01,14786,28.600,37.400,55.5,61265,50588,1,
1958-03-01,14546,28.800,37.500,55.3,61567,50418,1,
1958-04-01,14313,28.900,37.600,55.2,62116,50477,1,
1958-05-01,14232,28.900,37.600,55.4,63098,50703,0,
1958-06-01,14387,28.900,37.600,55.2,63652,51197,0,
1958-07-01,14343,29.000,37.600,55.2,63810,51013,0,
1958-08-01,14637,28.900,37.700,55.4,64018,51470,0,
1958-09-01,14906,28.900,37.800,55.4,63766,52141,0,
1958-10-01,14722,28.900,37.800,55.6,64480,52134,0,
1958-11-01,14990,29.000,37.800,55.5,63890,52511,0,
1958-12-01,14955,28.900,37.900,55.5,63266,53103,0,
1959-01-01,14901,29.000,37.900,55.7,62052,51721,0,
1959-02-01,14969,28.900,38.000,55.5,62015,51642,0,
1959-03-01,15120,28.900,38.000,56.0,63091,52087,0,
1959-04-01,15201,29.000,38.100,56.3,64241,52774,0,
1959-05-01,15335,29.000,38.100,56.2,65036,53384,0,
1959-06-01,15570,29.100,38.100,56.3,65924,54038,0,
1959-07-01,15544,29.200,38.100,56.3,66193,53843,0,
1959-08-01,15337,29.200,38.200,56.1,65897,53636,0,
1959-09-01,15512,29.300,38.300,56.0,65414,54082,0,
1959-10-01,15351,29.400,38.400,56.1,65891,53991,0,
1959-11-01,15441,29.400,38.400,55.7,64877,54168,0,
1959-12-01,15617,29.400,38.500,56.3,64927,55124,0,
1960-01-01,15559,29.300,38.500,56.0,63375,53448,0,
1960-02-01,15599,29.400,38.500,56.2,63871,53422,0,
1960-03-01,15559,29.400,38.600,55.4,63607,53494,0,
1960-04-01,15489,29.500,38.700,56.4,65450,54285,0,
1960-05-01,15454,29.500,38.700,56.4,66342,54349,1,
1960-06-01,15509,29.600,38.700,56.5,67288,54768,1,
1960-07-01,15361,29.600,38.700,56.2,67239,54412,1,
1960-08-01,15509,29.600,38.800,56.1,67004,54610,1,
1960-09-01,15601,29.600,38.800,56.4,66892,54906,1,
1960-10-01,15417,29.800,38.900,55.8,66563,54779,1,
1960-11-01,15241,29.800,39.000,56.1,66394,54478,1,
1960-12-01,14958,29.800,39.000,55.7,65287,54601,1,
1961-01-01,14697,29.800,39.000,55.7,63797,52780,1,
1961-02-01,14610,29.800,39.100,55.5,63869,52414,1,
1961-03-01,14642,29.800,39.100,55.6,64700,52694,0,
1961-04-01,14680,29.800,39.200,55.2,64957,53135,0,
1961-05-01,14836,29.800,39.200,55.2,65831,53690,0,
1961-06-01,15049,29.800,39.200,55.6,67151,54455,0,
1961-07-01,15004,30.000,39.200,55.2,66911,54288,0,
1961-08-01,15246,29.900,39.200,55.3,67028,54662,0,
1961-09-01,15353,30.000,39.300,55.0,66036,55074,0,
1961-10-01,15327,30.000,39.400,55.3,66786,55160,0,
1961-11-01,15381,30.000,39.400,55.5,66348,55243,0,
1961-12-01,15302,30.000,39.500,55.3,65531,55665,0,
1962-01-01,15131,30.000,39.500,55.4,64215,53922,0,
1962-02-01,15210,30.100,39.500,55.7,64872,54022,0,
1962-03-01,15286,30.100,39.600,55.7,65421,54297,0,
1962-04-01,15392,30.200,39.600,55.4,65957,55139,0,
1962-05-01,15432,30.200,39.700,55.7,67066,55559,0,
1962-06-01,15592,30.200,39.700,55.6,67852,56157,0,
1962-07-01,15509,30.300,39.700,55.3,67849,55946,0,
1962-08-01,15657,30.300,39.800,55.7,68096,56193,0,
1962-09-01,15849,30.400,39.800,55.7,67621,56667,0,
1962-10-01,15767,30.400,39.900,55.5,67850,56688,0,
1962-11-01,15644,30.400,39.900,55.2,67046,56540,0,
1962-12-01,15502,30.400,39.900,55.2,66585,56775,0,
1963-01-01,15342,30.400,40.000,55.2,65168,55108,0,
1963-02-01,15336,30.400,40.000,55.1,65519,55054,0,
1963-03-01,15398,30.500,40.000,55.3,66329,55356,0,
1963-04-01,15478,30.500,40.000,55.5,67240,56152,0,
1963-05-01,15567,30.500,40.000,55.3,67984,56572,0,
1963-06-01,15702,30.600,40.100,55.3,68844,57206,0,
1963-07-01,15639,30.700,40.100,55.4,69225,57013,0,
1963-08-01,15770,30.700,40.100,55.4,69052,57232,0,
1963-09-01,15949,30.700,40.200,55.5,68567,57735,0,
1963-10-01,15912,30.800,40.300,55.5,68964,57907,0,
1963-11-01,15783,30.800,40.300,55.4,68471,57721,0,
1963-12-01,15700,30.900,40.300,55.3,67791,58109,0,
1964-01-01,15508,30.900,40.300,55.3,66468,56460,0,
1964-02-01,15552,30.900,40.400,55.6,67197,56601,0,
1964-03-01,15615,30.900,40.400,55.5,67695,56964,0,
1964-04-01,15665,30.900,40.500,55.9,68947,57528,0,
1964-05-01,15730,30.900,40.500,56.1,69952,58048,0,
1964-06-01,15920,31.000,40.500,55.6,70448,58805,0,
1964-07-01,15873,31.100,40.500,55.7,70839,58632,0,
1964-08-01,16063,31.000,40.600,55.7,70676,58900,0,
1964-09-01,16334,31.100,40.600,55.7,69849,59497,0,
1964-10-01,16012,31.100,40.700,55.6,70147,59380,0,
1964-11-01,16204,31.200,40.700,55.7,69892,59677,0,
1964-12-01,16177,31.200,40.700,55.6,69543,60198,0,
1965-01-01,16044,31.200,40.700,55.7,68235,58561,0,
1965-02-01,16119,31.200,40.800,55.7,68690,58676,0,
1965-03-01,16212,31.300,40.800,55.9,69385,59119,0,
1965-04-01,16297,31.400,40.900,56.0,70220,59891,0,
1965-05-01,16381,31.400,40.900,56.2,71298,60442,0,
1965-06-01,16644,31.600,40.900,56.1,72278,61319,0,
1965-07-01,16644,31.600,40.900,56.5,73093,61167,0,
1965-08-01,16834,31.600,41.000,56.3,72695,61455,0,
1965-09-01,17042,31.600,41.000,56.2,71408,62006,0,
1965-10-01,17037,31.700,41.100,56.4,72112,62245,0,
1965-11-01,17079,31.700,41.100,56.4,71824,62465,0,
1965-12-01,17073,31.800,41.100,56.6,71819,63141,0,
1966-01-01,16953,31.800,41.200,56.7,70368,61529,0,
1966-02-01,17135,32.000,41.300,56.6,70691,61707,0,
1966-03-01,17268,32.100,41.300,56.6,71090,62354,0,
1966-04-01,17392,32.300,41.400,56.8,72066,63096,0,
1966-05-01,17513,32.300,41.400,56.7,72619,63645,0,
1966-06-01,17837,32.400,41.400,56.9,74037,64784,0,
1966-07-01,17717,32.500,41.400,56.9,74655,64470,0,
1966-08-01,17973,32.700,41.600,57.0,74665,64678,0,
1966-09-01,18108,32.700,41.600,57.1,73248,65082,0,
1966-10-01,18118,32.900,41.700,57.1,73744,65337,0,
1966-11-01,18107,32.900,41.800,57.4,73995,65508,0,
1966-12-01,18040,32.900,41.800,57.3,73600,66051,0,
1967-01-01,17861,32.900,41.900,57.1,72161,64439,0,
1967-02-01,17837,32.900,42.000,57.0,72505,64377,0,
1967-03-01,17816,33.000,42.000,56.8,72560,64741,0,
1967-04-01,17745,33.100,42.100,57.1,73445,65144,0,
1967-05-01,17706,33.200,42.100,57.0,73638,65540,0,
1967-06-01,17928,33.300,42.200,57.3,75393,66451,0,
1967-07-01,17724,33.400,42.200,57.4,76220,66015,0,
1967-08-01,17988,33.500,42.300,57.4,76170,66262,0,
1967-09-01,18010,33.600,42.400,57.4,74632,66549,0,
1967-10-01,17956,33.700,42.500,57.5,75180,66684,0,
1967-11-01,18116,33.800,42.500,57.5,75218,67210,0,
1967-12-01,18076,33.900,42.700,57.6,75337,67758,0,
1968-01-01,17878,34.100,42.700,57.0,73272,65853,0,
1968-02-01,17913,34.200,42.800,57.3,74114,66203,0,
1968-03-01,17944,34.300,42.900,57.4,74517,66553,0,
1968-04-01,17996,34.400,43.000,57.4,75143,67260,0,
1968-05-01,18055,34.500,43.100,57.8,75931,67581,0,
1968-06-01,18351,34.700,43.200,57.8,77273,68617,0,
1968-07-01,18195,34.900,43.300,57.6,77748,68199,0,
1968-08-01,18342,35.000,43.400,57.5,77431,68397,0,
1968-09-01,18472,35.100,43.500,57.5,75939,68826,0,
1968-10-01,18451,35.300,43.600,57.5,76365,69187,0,
1968-11-01,18475,35.400,43.700,57.6,76608,69509,0,
1968-12-01,18457,35.500,43.800,57.7,76699,70085,0,
1969-01-01,18271,35.600,43.900,57.6,75357,68494,0,
1969-02-01,18355,35.800,44.100,57.9,76180,68712,0,
1969-03-01,18437,36.100,44.100,57.9,76520,69208,0,
1969-04-01,18423,36.300,44.300,57.9,77077,69799,0,
1969-05-01,18448,36.400,44.400,57.8,77265,70285,0,
1969-06-01,18769,36.600,44.500,58.0,78958,71363,0,
1969-07-01,18563,36.800,44.700,58.0,79615,70746,0,
1969-08-01,18866,37.000,44.800,58.1,79646,71024,0,
1969-09-01,18854,37.100,45.000,58.1,78026,71235,0,
1969-10-01,18777,37.300,45.200,58.1,78671,71601,0,
1969-11-01,18593,37.500,45.300,58.1,78716,71630,0,
1969-12-01,18518,37.700,45.500,58.1,78789,72041,0,
1970-01-01,18254,37.800,45.600,58.0,77313,70229,1,
1970-02-01,18205,38.000,45.800,57.9,77489,70332,1,
1970-03-01,18233,38.200,46.000,57.9,77957,70786,1,
1970-04-01,18084,38.500,46.100,57.9,78408,71105,1,
1970-05-01,17897,38.600,46.200,57.5,78374,71123,1,
1970-06-01,18063,38.800,46.400,57.3,79416,71766,1,
1970-07-01,17788,39.000,46.500,57.4,80343,71000,1,
1970-08-01,17889,39.000,46.700,57.2,79965,70900,1,
1970-09-01,17941,39.200,46.800,57.0,78341,71257,1,
1970-10-01,17341,39.400,47.100,57.0,79019,71022,1,
1970-11-01,17148,39.600,47.200,56.9,78860,70983,1,
1970-12-01,17336,39.800,47.600,56.7,78651,71564,0,
1971-01-01,17100,39.800,47.700,56.8,77389,69922,0,
1971-02-01,17050,39.900,48.000,56.6,77427,69844,0,
1971-03-01,17017,40.000,48.100,56.4,77675,70209,0,
1971-04-01,17022,40.100,48.300,56.6,78404,70795,0,
1971-05-01,17102,40.300,48.500,56.6,78929,71287,0,
1971-06-01,17279,40.600,48.700,56.2,79717,72006,0,
1971-07-01,17026,40.700,48.700,56.5,80942,71194,0,
1971-08-01,17234,40.800,48.900,56.6,80897,71298,0,
1971-09-01,17410,40.800,49.000,56.6,79589,71931,0,
1971-10-01,17307,40.900,49.200,56.6,80375,72180,0,
1971-11-01,17307,40.900,49.300,56.8,80527,72479,0,
1971-12-01,17231,41.100,49.400,56.8,80527,72880,0,
1972-01-01,17095,41.100,49.600,56.7,79459,71481,0,
1972-02-01,17177,41.300,49.800,56.7,79734,71668,0,
1972-03-01,17287,41.400,49.800,56.9,80578,72261,0,
1972-04-01,17365,41.500,50.000,56.9,81027,72894,0,
1972-05-01,17483,41.600,50.100,57.0,81646,73525,0,
1972-06-01,17782,41.700,50.300,57.0,83073,74507,0,
1972-07-01,17451,41.900,50.400,57.0,83911,73502,0,
1972-08-01,17876,42.000,50.500,57.1,83993,74054,0,
1972-09-01,18042,42.100,50.600,57.0,82537,74612,0,
1972-10-01,18100,42.300,50.800,57.0,83223,75290,0,
1972-11-01,18172,42.400,50.900,57.2,83231,75704,0,
1972-12-01,18200,42.500,51.100,57.3,83424,76078,0,
1973-01-01,18076,42.600,51.500,57.1,81598,74613,0,
1973-02-01,18198,42.900,51.700,57.5,82405,74989,0,
1973-03-01,18299,43.300,51.900,57.8,83397,75544,0,
1973-04-01,18359,43.600,52.000,57.7,83900,76132,0,
1973-05-01,18442,43.900,52.300,57.7,84383,76712,0,
1973-06-01,18745,44.200,52.400,58.0,86217,77630,0,
1973-07-01,18493,44.300,52.500,57.9,87042,76691,0,
1973-08-01,18784,45.100,52.800,57.8,86616,77095,0,
1973-09-01,18902,45.200,53.000,57.9,85552,77682,0,
1973-10-01,18942,45.600,53.200,58.1,86717,78306,0,
1973-11-01,18965,45.900,53.400,58.2,86562,78707,0,
1973-12-01,18864,46.200,53.600,58.2,86390,78839,1,
1974-01-01,18574,46.600,53.900,58.2,84843,77045,1,
1974-02-01,18479,47.200,54.200,58.2,85061,77163,1,
1974-03-01,18471,47.800,54.400,58.2,85659,77485,1,
1974-04-01,18516,48.000,54.600,58.0,85994,78035,1,
1974-05-01,18573,48.600,54.700,58.0,86611,78637,1,
1974-06-01,18826,49.000,55.000,58.0,88022,79336,1,
1974-07-01,18559,49.400,55.200,58.0,88897,78438,1,
1974-08-01,18745,50.000,55.400,57.8,88479,78584,1,
1974-09-01,18817,50.600,55.700,57.7,87162,79084,1,
1974-10-01,18620,51.100,56.000,57.6,87779,79381,1,
1974-11-01,18266,51.500,56.200,57.3,86863,79060,1,
1974-12-01,17724,51.900,56.500,56.9,86169,78419,1,
1975-01-01,17115,52.100,56.800,56.4,83928,76189,1,
1975-02-01,16734,52.500,57.100,56.1,83573,75764,1,
1975-03-01,16612,52.700,57.200,56.0,84018,75808,1,
1975-04-01,16579,52.900,57.400,55.9,84551,76142,0,
1975-05-01,16656,53.200,57.600,56.0,85173,76774,0,
1975-06-01,16831,53.600,57.800,55.8,86507,77270,0,
1975-07-01,16593,54.200,58.000,56.0,87742,76592,0,
1975-08-01,16997,54.300,58.300,56.1,87726,77120,0,
1975-09-01,17228,54.600,58.500,56.1,86399,77726,0,
1975-10-01,17226,54.900,58.800,56.1,87160,78283,0,
1975-11-01,17184,55.300,59.100,56.0,86700,78437,0,
1975-12-01,17149,55.500,59.400,56.1,86689,78726,0,
1976-01-01,17065,55.600,59.600,56.4,85652,77376,0,
1976-02-01,17117,55.800,60.000,56.5,85932,77605,0,
1976-03-01,17252,55.900,60.300,56.7,86769,78214,0,
1976-04-01,17393,56.100,60.500,56.8,87786,79042,0,
1976-05-01,17453,56.500,60.700,57.0,88510,79534,0,
1976-06-01,17668,56.800,61.000,56.8,89727,80164,0,
1976-07-01,17446,57.100,61.300,57.0,90908,79393,0,
1976-08-01,17743,57.400,61.500,57.0,90690,79659,0,
1976-09-01,17956,57.600,61.800,56.9,89281,80362,0,
1976-10-01,17751,57.900,62.100,56.9,90041,80593,0,
1976-11-01,17805,58.000,62.300,57.0,89892,80953,0,
1976-12-01,17721,58.200,62.600,57.0,89850,81129,0,
1977-01-01,17601,58.500,63.200,57.0,88217,79540,0,
1977-02-01,17604,59.100,63.400,57.2,88601,79747,0,
1977-03-01,17771,59.500,63.700,57.4,89597,80604,0,
1977-04-01,17910,60.000,64.000,57.6,90660,81539,0,
1977-05-01,18068,60.300,64.300,57.8,91475,82376,0,
1977-06-01,18346,60.700,64.600,57.9,93154,83338,0,
1977-07-01,18176,61.000,64.900,57.8,93879,82677,0,
1977-08-01,18381,61.200,65.200,58.0,93846,82971,0,
1977-09-01,18569,61.400,65.600,58.1,92788,83922,0,
1977-10-01,18518,61.600,65.900,58.2,93779,84423,0,
1977-11-01,18517,61.900,66.300,58.6,94027,84868,0,
1977-12-01,18541,62.100,66.700,58.7,94183,85105,0,
1978-01-01,18419,62.500,67.100,58.8,92616,83442,0,
1978-02-01,18448,62.900,67.500,58.8,92755,83738,0,
1978-03-01,18580,63.400,67.800,58.8,93545,84732,0,
1978-04-01,18693,63.900,68.200,59.2,94783,86037,0,
1978-05-01,18805,64.500,68.700,59.3,95486,86842,0,
1978-06-01,19062,65.200,69.100,59.5,97530,87830,0,
1978-07-01,18849,65.700,69.400,59.3,97917,87002,0,
1978-08-01,19070,66.000,69.700,59.4,97855,87305,0,
1978-09-01,19262,66.500,70.300,59.5,96790,87932,0,
1978-10-01,19279,67.100,70.700,59.7,97851,88549,0,
1978-11-01,19353,67.400,71.200,59.8,97788,89099,0,
1978-12-01,19363,67.700,71.600,59.8,97669,89408,0,
1979-01-01,19236,68.300,71.900,59.9,96201,87650,0,
1979-02-01,19253,69.100,72.200,60.1,96536,87889,0,
1979-03-01,19366,69.800,72.400,60.0,97282,88792,0,
1979-04-01,19388,70.600,72.700,59.8,97478,89313,0,
1979-05-01,19453,71.500,73.400,59.8,98057,90126,0,
1979-06-01,19676,72.300,73.800,59.9,99800,90971,0,
1979-07-01,19415,73.100,74.300,60.0,100814,89976,0,
1979-08-01,19448,73.800,75.000,59.8,100174,90072,0,
1979-09-01,19627,74.600,75.600,60.0,99533,90616,0,
1979-10-01,19525,75.200,76.600,59.9,100120,91089,0,
1979-11-01,19395,75.900,76.900,60.0,99907,91287,0,
1979-12-01,19331,76.700,77.300,60.1,100013,91415,0,
1980-01-01,19132,77.800,77.800,60.0,98111,89631,0,
1980-02-01,19083,78.900,78.400,60.0,98235,89764,1,
1980-03-01,19139,80.100,78.800,59.7,98527,90324,1,
1980-04-01,18919,81.000,79.000,59.4,98569,90747,1,
1980-05-01,18665,81.800,79.800,59.1,98732,90763,1,
1980-06-01,18591,82.700,80.700,58.9,99830,90922,1,
1980-07-01,18164,82.700,81.100,58.8,100665,89582,1,
1980-08-01,18456,83.300,81.600,58.8,100202,89865,0,
1980-09-01,18641,84.000,82.400,58.9,99334,90530,0,
1980-10-01,18648,84.800,83.300,58.9,99999,91128,0,
1980-11-01,18699,85.500,83.800,59.0,99850,91475,0,
1980-12-01,18653,86.300,84.300,59.0,99579,91661,0,
1981-01-01,18482,87.000,84.900,59.1,98139,89837,0,
1981-02-01,18468,87.900,85.300,59.2,98401,89985,0,
1981-03-01,18559,88.500,85.800,59.4,99364,90520,0,
1981-04-01,18647,89.100,86.300,59.6,100345,91157,0,
1981-05-01,18720,89.800,87.000,59.5,100855,91647,0,
1981-06-01,18890,90.600,87.400,59.0,101419,92296,0,
1981-07-01,18699,91.600,87.800,59.1,102612,91371,0,
1981-08-01,18812,92.300,88.800,59.1,102152,91378,1,
1981-09-01,18927,93.200,89.500,58.7,100389,91876,1,
1981-10-01,18710,93.400,90.200,58.8,101028,92054,1,
1981-11-01,18492,93.700,90.800,58.6,100502,91888,1,
1981-12-01,18203,94.000,91.500,58.2,99562,91555,1,
1982-01-01,17874,94.300,92.000,58.2,97831,89328,1,-0.92
1982-02-01,17826,94.600,92.300,58.2,97946,89417,1,-0.41
1982-03-01,17762,94.500,92.800,58.1,98471,89710,1,-0.17
1982-04-01,17611,94.900,93.000,57.9,98858,89993,1,-0.14
1982-05-01,17564,95.800,93.700,58.2,99957,90478,1,-0.09
1982-06-01,17537,97.000,94.000,57.8,100683,90669,1,-0.09
1982-07-01,17221,97.500,95.000,57.7,101490,89338,1,-0.11
1982-08-01,17249,97.700,95.500,57.8,101177,89212,1,-0.27
1982-09-01,17285,97.900,95.800,57.6,99851,89628,1,-0.27
1982-10-01,16988,98.200,96.700,57.4,99825,89598,1,-0.06
1982-11-01,16785,98.000,97.200,57.3,99379,89495,1,0.40
1982-12-01,16653,97.600,97.500,57.2,98849,89396,0,0.87
1983-01-01,16530,97.800,98.100,57.2,97262,87729,0,1.45
1983-02-01,16543,97.900,98.500,57.1,97265,87741,0,1.66
1983-03-01,16612,97.900,98.700,57.1,97994,88344,0,1.76
1983-04-01,16720,98.600,99.100,57.3,98840,89187,0,1.82
1983-05-01,16873,99.200,99.300,57.3,99543,90019,0,2.05
1983-06-01,17078,99.500,99.700,57.8,101813,90844,0,2.55
1983-07-01,17017,99.900,100.200,58.1,103273,90271,0,2.97
1983-08-01,17223,100.200,100.600,58.2,103167,89998,0,2.53
1983-09-01,17448,100.700,101.200,58.4,102366,91719,0,2.78
1983-10-01,17486,101.000,101.600,58.4,102659,92233,0,3.10
1983-11-01,17530,101.200,101.900,58.7,103018,92592,0,3.38
1983-12-01,17516,101.300,102.200,58.8,102803,92863,0,2.94
1984-01-01,17461,101.900,102.600,58.8,101270,91374,0,3.06
1984-02-01,17575,102.400,102.900,59.1,101961,91940,0,3.28
1984-03-01,17714,102.600,103.400,59.1,102770,92659,0,2.99
1984-04-01,17803,103.100,104.100,59.3,103628,93614,0,2.64
1984-05-01,17901,103.400,104.400,59.7,105096,94489,0,2.47
1984-06-01,18086,103.700,104.900,59.9,106812,95305,0,2.43
1984-07-01,17967,104.100,105.500,59.8,107484,94607,0,2.17
1984-08-01,18140,104.500,106.100,59.6,106694,94888,0,1.87
1984-09-01,18185,105.000,106.600,59.7,105792,95808,0,1.97
1984-10-01,18128,105.300,107.200,59.7,106262,96362,0,1.91
1984-11-01,18066,105.300,107.600,59.8,106246,96738,0,1.96
1984-12-01,18013,105.300,108.200,59.9,106049,96793,0,1.84
1985-01-01,17860,105.500,108.600,59.9,104344,95049,0,2.15
1985-02-01,17825,106.000,109.200,60.0,104690,95259,0,1.92
1985-03-01,17851,106.400,109.500,60.2,105768,96055,0,2.00
1985-04-01,17819,106.900,110.000,60.1,106175,96875,0,1.95
1985-05-01,17831,107.300,110.900,60.1,106880,97726,0,2.08
1985-06-01,17933,107.600,111.400,59.8,107819,98279,0,1.89
1985-07-01,17718,107.800,111.900,59.9,108854,97418,0,1.85
1985-08-01,17853,108.000,112.600,60.0,108628,97667,0,1.99
1985-09-01,17867,108.300,113.100,60.3,107867,98476,0,1.99
1985-10-01,17804,108.700,114.000,60.3,108428,98987,0,2.04
1985-11-01,17756,109.000,114.800,60.4,108282,99240,0,1.84
1985-12-01,17705,109.300,115.100,60.4,108063,99356,0,1.94
1986-01-01,17551,109.600,115.500,60.6,106959,97397,0,2.03
1986-02-01,17535,109.300,115.600,60.3,106685,97590,0,1.50
1986-03-01,17536,108.800,116.200,60.5,107643,98138,0,1.29
1986-04-01,17546,108.600,117.400,60.5,108201,98973,0,1.44
1986-05-01,17559,108.900,117.600,60.5,109041,99667,0,1.49
1986-06-01,17637,109.500,118.000,60.7,110869,99973,0,1.43
1986-07-01,17431,109.500,118.800,60.8,111832,99219,0,1.54
1986-08-01,17576,109.700,119.000,60.8,111515,99393,0,1.48
1986-09-01,17635,110.200,119.600,60.8,110229,100317,0,1.72
1986-10-01,17570,110.300,120.200,60.9,110857,100886,0,1.65
1986-11-01,17541,110.400,120.600,60.9,110751,101141,0,1.70
1986-12-01,17505,110.500,120.800,61.0,110588,101300,0,2.24
1987-01-01,17339,111.200,121.300,61.0,109084,99334,0,1.71
1987-02-01,17377,111.600,121.700,61.1,109464,99657,0,1.88
1987-03-01,17414,112.100,121.800,61.2,110229,100367,0,1.82
1987-04-01,17452,112.700,122.000,61.3,111041,101369,0,2.01
1987-05-01,17503,113.100,122.300,61.6,112377,102135,0,2.13
1987-06-01,17639,113.500,122.300,61.4,113498,102742,0,1.88
1987-07-01,17528,113.800,123.000,61.6,114652,101990,0,2.12
1987-08-01,17716,114.400,123.800,61.8,114527,102219,0,1.96
1987-09-01,17823,115.000,124.400,61.6,113027,102986,0,1.99
1987-10-01,17821,115.300,124.800,61.8,113898,103893,0,2.05
1987-11-01,17855,115.400,124.800,61.9,113809,104232,0,2.10
1987-12-01,17841,115.400,125.600,62.0,113679,104472,0,2.00
1988-01-01,17669,115.700,126.000,62.0,112139,102380,0,1.37
1988-02-01,17700,116.000,126.300,62.1,112460,102951,0,2.00
1988-03-01,17743,116.500,126.400,61.9,112867,103693,0,2.14
1988-04-01,17796,117.100,126.600,62.2,113905,104587,0,2.28
1988-05-01,17848,117.500,126.900,62.0,114222,105347,0,1.95
1988-06-01,18017,118.000,127.300,62.3,116209,106208,0,2.21
1988-07-01,17867,118.500,127.800,62.3,117066,105315,0,2.04
1988-08-01,17985,119.000,128.400,62.4,116737,105477,0,1.80
1988-09-01,18046,119.800,129.100,62.4,115474,106341,0,1.58
1988-10-01,18061,120.200,129.400,62.5,116250,107013,0,2.00
1988-11-01,18086,120.300,129.800,62.7,116314,107500,0,2.10
1988-12-01,18056,120.500,130.100,62.6,115978,107722,0,1.93
1989-01-01,17939,121.100,130.500,62.9,114786,105743,0,1.91
1989-02-01,17925,121.600,130.900,62.9,115023,106170,0,1.76
1989-03-01,17949,122.300,131.100,62.9,115844,106813,0,1.66
1989-04-01,17968,123.100,131.400,62.9,116347,107611,0,1.51
1989-05-01,17996,123.800,131.700,62.9,117039,108294,0,1.12
1989-06-01,18111,124.100,132.300,63.0,118719,108937,0,0.87
1989-07-01,17930,124.400,133.000,63.0,119502,107848,0,0.74
1989-08-01,18070,124.600,133.500,63.1,119092,107927,0,1.04
1989-09-01,18062,125.000,133.900,62.8,117498,108724,0,1.05
1989-10-01,17997,125.600,134.700,62.9,118194,109217,0,0.97
1989-11-01,17967,125.900,135.200,63.0,118168,109657,0,1.18
1989-12-01,17909,126.100,135.500,63.0,117698,109666,0,1.20
1990-01-01,17649,127.400,135.800,63.2,116944,107573,0,1.63
1990-02-01,17727,128.000,136.000,63.2,117192,108069,0,1.38
1990-03-01,17723,128.700,136.500,63.2,117986,108724,0,1.64
1990-04-01,17734,128.900,137.000,63.0,118218,109365,0,1.27
1990-05-01,17748,129.200,137.300,63.1,119148,110270,0,1.06
1990-06-01,17870,129.900,137.900,62.9,120523,110837,0,1.02
1990-07-01,17691,130.400,138.700,62.8,120882,109568,0,0.61
1990-08-01,17803,131.600,139.400,62.7,120096,109450,1,0.37
1990-09-01,17786,132.700,140.000,62.5,118782,110045,1,-0.17
1990-10-01,17694,133.500,140.500,62.5,119175,110242,1,-0.14
1990-11-01,17501,133.800,140.700,62.3,118463,110205,1,-0.35
1990-12-01,17413,133.800,141.100,62.2,118110,109976,1,-0.37
1991-01-01,17184,134.600,141.200,62.0,115837,107426,1,-0.27
1991-02-01,17053,134.800,141.500,61.9,115941,107394,1,-0.36
1991-03-01,17001,135.000,142.000,61.8,116440,107683,1,-0.36
1991-04-01,16987,135.200,142.500,62.0,117472,108072,0,0.02
1991-05-01,17037,135.600,142.800,61.6,117428,108754,0,0.43
1991-06-01,17134,136.000,143.000,61.7,119151,109235,0,0.82
1991-07-01,17001,136.200,143.700,61.6,119666,108033,0,1.20
1991-08-01,17175,136.600,143.700,61.5,118758,108125,0,0.86
1991-09-01,17178,137.200,144.600,61.6,118156,108842,0,0.90
1991-10-01,17110,137.400,144.600,61.5,118404,109212,0,0.77
1991-11-01,17027,137.800,145.000,61.4,117972,109229,0,0.66
1991-12-01,16932,137.900,145.200,61.2,117395,109113,0,0.68
1992-01-01,16703,138.100,145.400,61.5,115928,106726,0,0.77
1992-02-01,16679,138.600,145.600,61.3,116024,106978,0,0.96
1992-03-01,16677,139.300,146.400,61.5,116929,107498,0,1.11
1992-04-01,16733,139.500,146.200,61.6,117776,108333,0,1.21
1992-05-01,16795,139.700,146.300,61.5,118388,109140,0,1.33
1992-06-01,16917,140.200,146.600,61.5,119831,109629,0,1.27
1992-07-01,16813,140.500,147.000,61.6,120744,108611,0,1.13
1992-08-01,16905,140.900,147.000,61.6,120070,108667,0,1.24
1992-09-01,16914,141.300,147.200,61.4,118880,109452,0,1.41
1992-10-01,16845,141.800,148.000,61.3,119185,110039,0,1.76
1992-11-01,16822,142.000,148.600,61.4,119159,110280,0,1.75
1992-12-01,16781,141.900,148.600,61.4,118990,110269,0,2.24
1993-01-01,16661,142.600,148.900,61.4,117027,108103,0,1.86
1993-02-01,16671,143.100,149.100,61.4,117646,108706,0,2.18
1993-03-01,16681,143.600,149.100,61.5,118350,109140,0,1.71
1993-04-01,16684,144.000,149.700,61.5,118781,110144,0,1.76
1993-05-01,16733,144.200,149.900,61.7,120142,111107,0,1.54
1993-06-01,16834,144.400,150.300,61.8,121587,111698,0,1.66
1993-07-01,16726,144.400,150.400,61.8,122352,110829,0,1.92
1993-08-01,16853,144.800,150.800,62.0,122018,110940,0,1.98
1993-09-01,16891,145.100,151.000,61.7,120673,111929,0,2.03
1993-10-01,16869,145.700,151.400,61.8,121389,112595,0,1.75
1993-11-01,16856,145.800,151.600,61.9,121568,112940,0,2.09
1993-12-01,16824,145.800,151.900,62.0,121578,113088,0,2.28
1994-01-01,16722,146.200,152.200,62.2,119901,110839,0,1.94
1994-02-01,16744,146.700,152.800,62.3,120503,111419,0,1.95
1994-03-01,16799,147.200,153.200,62.1,120844,112394,0,1.95
1994-04-01,16855,147.400,153.300,62.3,121604,113474,0,2.10
1994-05-01,16932,147.500,153.300,62.5,122946,114486,0,2.06
1994-06-01,17103,148.000,153.400,62.3,123864,115275,0,2.16
1994-07-01,16991,148.400,153.900,62.3,124503,114331,0,2.15
1994-08-01,17183,149.000,154.500,62.6,124493,114639,0,2.39
1994-09-01,17222,149.400,155.000,62.7,123775,115698,0,2.07
1994-10-01,17226,149.500,155.200,62.9,124724,116324,0,2.07
1994-11-01,17238,149.700,155.600,63.0,124896,116932,0,2.16
1994-12-01,17230,149.700,155.700,63.1,124729,116970,0,2.12
1995-01-01,17133,150.300,156.100,63.0,122597,114662,0,1.99
1995-02-01,17158,150.900,156.400,63.1,123343,115320,0,1.64
1995-03-01,17177,151.400,156.700,63.1,123943,116076,0,1.55
1995-04-01,17206,151.900,157.000,63.1,124278,116909,0,1.16
1995-05-01,17234,152.200,157.200,62.7,124554,117632,0,1.00
1995-06-01,17342,152.500,157.500,62.7,125720,118347,0,1.11
1995-07-01,17177,152.500,157.900,62.8,126548,117113,0,1.09
1995-08-01,17335,152.900,158.200,62.8,125926,117377,0,1.59
1995-09-01,17341,153.200,158.500,62.9,125173,118292,0,1.44
1995-10-01,17290,153.700,158.900,62.9,125979,118893,0,1.69
1995-11-01,17248,153.600,159.300,62.8,125599,119132,0,1.41
1995-12-01,17251,153.500,159.600,62.7,125136,119130,0,1.38
1996-01-01,17083,154.400,160.000,62.7,123126,116431,0,1.38
1996-02-01,17130,154.900,160.400,62.9,124137,117370,0,1.36
1996-03-01,17113,155.700,160.600,63.0,124992,118175,0,1.32
1996-04-01,17137,156.300,160.900,63.0,125388,119013,0,1.60
1996-05-01,17210,156.600,161.200,63.0,126391,120140,0,1.73
1996-06-01,17323,156.700,161.700,63.2,127706,120804,0,2.03
1996-07-01,17181,157.000,162.200,63.3,128579,119767,0,1.94
1996-08-01,17362,157.300,162.500,63.3,128143,120059,0,1.94
1996-09-01,17348,157.800,162.900,63.4,127529,120804,0,1.70
1996-10-01,17333,158.300,163.300,63.5,128439,121524,0,1.60
1996-11-01,17312,158.600,163.700,63.4,128157,121984,0,1.44
1996-12-01,17308,158.600,164.000,63.4,127903,121963,0,1.40
1997-01-01,17183,159.100,164.400,63.4,126384,119421,0,1.57
1997-02-01,17223,159.600,164.800,63.4,126887,120282,0,1.79
1997-03-01,17268,160.000,165.100,63.6,128125,121165,0,1.99
1997-04-01,17288,160.200,165.500,63.7,128629,122140,0,1.86
1997-05-01,17356,160.100,165.900,63.8,129565,123221,0,1.99
1997-06-01,17485,160.300,166.400,63.7,130463,123870,0,1.89
1997-07-01,17352,160.500,166.800,63.9,131350,122886,0,2.00
1997-08-01,17553,160.800,167.300,63.9,130865,122954,0,1.55
1997-09-01,17550,161.200,167.800,63.9,129972,123958,0,1.90
1997-10-01,17563,161.600,168.200,63.9,130671,124861,0,1.98
1997-11-01,17597,161.500,168.700,64.1,130999,125255,0,2.02
1997-12-01,17613,161.300,169.100,64.0,130785,125393,0,2.04
1998-01-01,17511,161.600,169.500,64.0,128882,122842,0,1.82
1998-02-01,17536,161.900,169.900,64.0,129482,123618,0,1.82
1998-03-01,17569,162.200,170.300,64.0,130150,124341,0,1.60
1998-04-01,17580,162.500,170.700,64.1,130735,125382,0,1.85
1998-05-01,17607,162.800,171.100,64.1,131476,126466,0,1.95
1998-06-01,17709,163.000,171.700,64.0,132265,127129,0,1.61
1998-07-01,17404,163.200,172.200,64.0,132769,126057,0,1.59
1998-08-01,17640,163.400,172.800,63.9,132206,126299,0,1.63
1998-09-01,17632,163.600,173.400,64.2,131864,127108,0,1.91
1998-10-01,17551,164.000,173.900,64.1,132424,127887,0,1.65
1998-11-01,17502,164.000,174.500,64.2,132577,128290,0,1.69
1998-12-01,17475,163.900,174.900,64.3,132732,128459,0,1.81
1999-01-01,17324,164.300,175.300,64.4,131339,125707,0,1.59
1999-02-01,17305,164.500,175.600,64.2,131639,126697,0,1.80
1999-03-01,17303,165.000,176.000,64.2,132299,127409,0,1.80
1999-04-01,17291,166.200,176.400,64.2,132552,128555,0,1.77
1999-05-01,17316,166.200,176.700,64.3,133411,129423,0,1.64
1999-06-01,17394,166.200,177.100,64.2,134395,130149,0,1.62
1999-07-01,17303,166.700,177.500,64.2,134800,129280,0,1.80
1999-08-01,17363,167.100,177.900,64.2,134264,129336,0,1.70
1999-09-01,17334,167.900,178.400,64.2,133555,130114,0,1.58
1999-10-01,17313,168.200,178.800,64.3,134390,131049,0,1.66
1999-11-01,17317,168.300,179.800,64.4,134515,131509,0,1.92
1999-12-01,17299,168.300,180.300,64.4,134696,131646,0,1.86
2000-01-01,17179,168.800,181.100,64.6,134912,129005,0,1.57
2000-02-01,17192,169.800,181.500,64.6,135490,129667,0,1.43
2000-03-01,17236,171.200,182.000,64.6,136054,130764,0,1.84
2000-04-01,17249,171.300,182.300,64.7,136927,131762,0,2.11
2000-05-01,17262,171.500,182.700,64.4,136685,132718,0,1.83
2000-06-01,17403,172.400,183.200,64.5,137915,133230,0,1.21
2000-07-01,17318,172.800,183.900,64.2,137769,132011,0,0.93
2000-08-01,17365,172.800,184.600,64.2,137308,132023,0,0.96
2000-09-01,17278,173.700,185.300,64.2,136790,132690,0,1.00
2000-10-01,17251,174.000,186.100,64.2,137532,133249,0,1.13
2000-11-01,17226,174.100,186.800,64.3,137461,133614,0,0.90
2000-12-01,17200,174.000,187.600,64.4,137846,133555,0,0.71
2001-01-01,16993,175.100,188.200,64.4,136181,130681,0,0.84
2001-02-01,16933,175.800,188.900,64.3,136577,131348,0,0.53
2001-03-01,16869,176.200,189.600,64.3,137155,131942,0,0.33
2001-04-01,16750,176.900,190.200,64.0,137022,132349,1,0.15
2001-05-01,16646,177.700,191.000,63.8,137121,133056,1,0.38
2001-06-01,16615,178.000,191.600,63.7,137737,133435,1,0.52
2001-07-01,16393,177.500,192.300,63.7,138239,131946,1,0.20
2001-08-01,16332,177.500,193.100,63.2,136809,131876,1,0.30
2001-09-01,16186,178.300,193.900,63.5,136835,132142,1,-0.18
2001-10-01,16010,177.700,194.700,63.2,136885,132344,1,-0.44
2001-11-01,15847,177.400,195.500,63.0,136370,132155,1,-0.50
2001-12-01,15723,176.700,196.400,62.9,136269,131773,0,-0.10
2002-01-01,15475,177.100,197.000,62.7,134177,128890,0,0.49
2002-02-01,15414,177.800,197.700,63.0,135443,129362,0,0.67
2002-03-01,15375,178.800,198.200,62.8,135558,129969,0,0.45
2002-04-01,15341,179.800,198.500,62.7,135903,130558,0,0.54
2002-05-01,15335,179.800,198.800,62.9,136559,131329,0,0.68
2002-06-01,15399,179.900,199.300,62.7,137181,131711,0,0.95
2002-07-01,15274,180.100,199.800,62.7,137495,130270,0,1.11
2002-08-01,15272,180.700,200.200,62.7,137295,130356,0,0.89
2002-09-01,15194,181.000,200.700,63.0,137377,130875,0,0.94
2002-10-01,15096,181.300,201.300,62.7,137551,131546,0,0.84
2002-11-01,15009,181.300,202.000,62.5,136684,131667,0,0.70
2002-12-01,14919,180.900,202.500,62.4,136599,131259,0,0.62
2003-01-01,14744,181.700,203.300,62.5,135907,128577,0,0.86
2003-02-01,14674,183.100,203.700,62.5,136433,128994,0,0.61
2003-03-01,14654,184.200,204.100,62.4,136783,129490,0,0.43
2003-04-01,14563,183.800,204.500,62.4,137424,130148,0,0.23
2003-05-01,14556,183.500,204.900,62.3,137567,130909,0,0.43
2003-06-01,14593,183.700,205.100,62.3,138468,131239,0,0.51
2003-07-01,14432,183.900,205.600,62.1,138503,129900,0,0.90
2003-08-01,14467,184.600,206.100,62.1,138137,129953,0,1.12
2003-09-01,14419,185.200,206.600,62.0,137731,130608,0,1.49
2003-10-01,14368,185.000,206.900,62.1,138619,131401,0,1.56
2003-11-01,14339,184.500,207.500,62.3,138700,131565,0,1.53
2003-12-01,14304,184.300,207.900,62.2,138556,131385,0,1.78
2004-01-01,14171,185.200,208.300,62.3,136924,128726,0,1.49
2004-02-01,14172,186.200,208.800,62.3,137384,129337,0,1.45
2004-03-01,14220,187.400,209.200,62.2,137691,130378,0,1.57
2004-04-01,14267,188.000,209.700,62.3,138423,131495,0,1.61
2004-05-01,14337,189.100,210.200,62.3,138867,132398,0,1.77
2004-06-01,14434,189.700,210.700,62.4,139861,132843,0,1.49
2004-07-01,14370,189.400,211.200,62.5,140700,131682,0,1.54
2004-08-01,14431,189.500,211.900,62.4,140226,131702,0,1.47
2004-09-01,14385,189.900,212.400,62.3,139641,132417,0,1.39
2004-10-01,14360,190.900,212.800,62.3,140447,133398,0,1.39
2004-11-01,14331,191.000,213.200,62.5,140581,133648,0,1.50
2004-12-01,14306,190.300,213.900,62.4,140278,133418,0,1.36
2005-01-01,14142,190.700,214.500,62.4,138682,130713,0,1.13
2005-02-01,14168,191.800,215.000,62.4,139100,131536,0,1.50
2005-03-01,14200,193.300,215.500,62.4,139759,132376,0,1.36
2005-04-01,14203,194.600,216.000,62.7,140939,133589,0,1.64
2005-05-01,14246,194.400,216.400,62.8,141591,134403,0,1.31
2005-06-01,14323,194.500,216.800,62.7,142456,135071,0,1.66
2005-07-01,14250,195.400,217.500,62.8,143283,134011,0,1.67
2005-08-01,14288,196.400,218.000,62.9,143142,134261,0,1.77
2005-09-01,14234,198.800,218.600,62.8,142579,134889,0,1.22
2005-10-01,14224,199.200,219.300,62.8,143340,135617,0,1.27
2005-11-01,14218,197.600,220.000,62.7,142968,136174,0,1.45
2005-12-01,14222,196.800,220.500,62.8,142918,135973,0,1.70
2006-01-01,14093,198.300,220.900,62.9,141481,133320,0,1.84
2006-02-01,14104,198.700,221.600,63.0,141994,134245,0,1.59
2006-03-01,14141,199.800,222.300,63.1,142772,135226,0,1.53
2006-04-01,14172,201.500,222.900,63.0,143405,136140,0,1.36
2006-05-01,14187,202.500,223.600,63.1,144041,136946,0,1.01
2006-06-01,14303,202.900,224.400,63.1,145216,137448,0,1.09
2006-07-01,14215,203.500,225.200,63.0,145606,136273,0,0.69
2006-08-01,14246,203.900,226.200,63.1,145379,136479,0,1.00
2006-09-01,14192,202.900,227.100,63.1,145010,137149,0,0.88
2006-10-01,14114,201.800,228.000,63.3,146125,137849,0,1.08
2006-11-01,14060,201.500,228.900,63.3,146014,138234,0,0.80
2006-12-01,14036,201.800,230.000,63.4,146081,138124,0,0.95
2007-01-01,13898,202.416,230.806,63.3,144275,135335,0,1.20
2007-02-01,13886,203.499,231.739,63.3,144479,136026,0,1.06
2007-03-01,13887,205.352,232.495,63.3,145323,136922,0,1.32
2007-04-01,13875,206.686,232.980,63.0,145297,137730,0,1.06
2007-05-01,13901,207.949,233.549,63.0,145864,138673,0,1.23
2007-06-01,13987,208.352,234.071,63.0,146958,139177,0,0.74
2007-07-01,13919,208.299,234.732,62.9,147315,137778,0,0.55
2007-08-01,13927,207.917,235.311,62.7,146406,137890,0,0.54
2007-09-01,13886,208.490,236.058,62.9,146448,138456,0,0.44
2007-10-01,13812,208.936,237.135,62.7,146743,139198,0,0.62
2007-11-01,13795,210.177,238.169,62.9,147118,139510,0,0.42
2007-12-01,13776,210.036,239.102,62.7,146334,139298,0,0.25
2008-01-01,13619,211.080,239.850,62.9,144607,136268,1,0.40
2008-02-01,13578,211.693,240.325,62.8,144550,136787,1,0.31
2008-03-01,13559,213.528,240.874,62.7,145108,137378,1,0.14
2008-04-01,13516,214.823,241.474,62.7,145921,137914,1,0.17
2008-05-01,13530,216.632,241.803,62.5,145927,138488,1,-0.05
2008-06-01,13580,218.815,242.640,62.4,146649,138683,1,-0.15
2008-07-01,13472,219.964,243.367,62.2,146867,137203,1,-0.45
2008-08-01,13459,219.086,244.181,62.0,145909,137094,1,-0.83
2008-09-01,13376,218.783,244.926,61.9,145310,137148,1,-0.62
2008-10-01,13214,216.573,245.855,61.7,145543,137442,1,-1.16
2008-11-01,13085,212.425,246.681,61.4,144609,136762,1,-1.81
2008-12-01,12883,210.228,247.278,61.0,143350,135732,1,-1.95
2009-01-01,12450,211.143,247.974,60.6,140436,132042,1,-2.46
2009-02-01,12266,212.193,248.305,60.3,140105,131808,1,-2.38
2009-03-01,12112,212.709,248.639,59.9,139833,131675,1,-2.74
2009-04-01,11957,213.240,248.899,59.8,140586,131859,1,-2.27
2009-05-01,11829,213.856,249.069,59.6,140363,132133,1,-1.35
2009-06-01,11791,215.693,249.092,59.4,140826,131950,1,-0.76
2009-07-01,11704,215.351,248.994,59.3,141055,130353,0,-0.20
2009-08-01,11722,215.834,249.029,59.1,140074,130231,0,-0.06
2009-09-01,11685,215.969,248.965,58.7,139079,130590,0,0.26
2009-10-01,11607,216.177,248.888,58.5,139088,131188,0,0.05
2009-11-01,11550,216.330,248.886,58.6,139132,131235,0,0.40
2009-12-01,11494,215.949,248.999,58.3,137953,130690,0,0.59
2010-01-01,11357,216.687,249.144,58.5,136809,127820,0,0.53
2010-02-01,11340,216.741,249.017,58.5,137203,128255,0,0.75
2010-03-01,11367,217.631,249.089,58.5,137983,129089,0,0.94
2010-04-01,11425,218.009,249.012,58.7,139302,130212,0,1.03
2010-05-01,11499,218.178,248.925,58.6,139497,131328,0,1.35
2010-06-01,11613,217.965,248.999,58.5,139882,131448,0,1.40
2010-07-01,11614,218.011,249.126,58.5,140134,130111,0,1.31
2010-08-01,11651,218.312,249.024,58.6,139919,130175,0,0.80
2010-09-01,11638,218.439,249.368,58.5,139715,130668,0,0.50
2010-10-01,11619,218.711,249.618,58.3,139749,131641,0,0.80
2010-11-01,11610,218.803,250.317,58.2,139415,131947,0,1.33
2010-12-01,11604,219.179,250.986,58.3,139159,131641,0,1.50
2011-01-01,11524,220.223,251.555,58.3,137599,128778,0,1.44
2011-02-01,11542,221.309,251.829,58.4,138093,129592,0,1.50
2011-03-01,11588,223.467,252.145,58.4,138962,130498,0,1.60
2011-04-01,11640,224.906,252.221,58.4,139661,131715,0,1.47
2011-05-01,11690,225.964,252.393,58.3,140028,132399,0,1.24
2011-06-01,11801,225.722,252.592,58.2,140129,132889,0,1.19
2011-07-01,11813,225.922,253.085,58.2,140384,131615,0,1.26
2011-08-01,11863,226.545,254.003,58.3,140335,131890,0,1.56
2011-09-01,11840,226.889,254.628,58.4,140502,132636,0,1.34
2011-10-01,11826,226.421,255.651,58.4,140987,133558,0,1.54
2011-11-01,11790,226.230,256.367,58.6,141070,133893,0,1.77
2011-12-01,11800,225.672,257.189,58.6,140681,133718,0,1.74
2012-01-01,11735,226.665,257.714,58.4,139944,131113,0,1.92
2012-02-01,11751,227.663,258.184,58.5,140684,132067,0,1.86
2012-03-01,11822,229.392,258.569,58.5,141412,132971,0,1.84
2012-04-01,11852,230.085,258.922,58.4,141995,133854,0,1.71
2012-05-01,11913,229.815,259.231,58.5,142727,134667,0,1.65
2012-06-01,12024,229.478,259.407,58.6,143202,135005,0,1.42
2012-07-01,12037,229.104,260.107,58.5,143126,133794,0,1.40
2012-08-01,12058,230.379,260.677,58.4,142558,134175,0,1.39
2012-09-01,12023,231.407,261.421,58.7,143333,134802,0,1.58
2012-10-01,11994,231.317,262.707,58.8,144039,135649,0,1.81
2012-11-01,11954,230.221,263.365,58.7,143549,136038,0,1.34
2012-12-01,11958,229.601,264.098,58.7,143060,135964,0,1.54
2013-01-01,11880,230.280,264.700,58.5,141614,133081,0,1.63
2013-02-01,11901,232.166,265.256,58.5,142228,134120,0,2.02
2013-03-01,11935,232.773,265.821,58.5,142698,134919,0,1.74
2013-04-01,11945,232.531,265.984,58.6,143724,135923,0,1.64
2013-05-01,11995,232.945,266.559,58.6,144432,136816,0,1.59
2013-06-01,12086,233.504,266.905,58.6,144841,137226,0,1.48
2013-07-01,12054,233.596,267.482,58.7,145113,136052,0,1.49
2013-08-01,12107,233.877,268.505,58.7,144509,136489,0,1.63
2013-09-01,12091,234.149,269.137,58.7,144651,137097,0,1.78
2013-10-01,12080,233.546,269.960,58.3,144144,138019,0,1.43
2013-11-01,12080,233.069,270.698,58.6,144775,138543,0,1.60
2013-12-01,12084,233.049,271.688,58.7,144423,138292,0,1.51
2014-01-01,11987,233.916,272.317,58.7,143526,135488,0,1.84
2014-02-01,12019,234.781,272.733,58.7,144134,136230,0,1.43
2014-03-01,12061,236.293,273.486,58.9,145090,137187,0,1.46
2014-04-01,12079,237.072,274.100,58.9,145767,138325,0,1.76
2014-05-01,12139,237.900,274.710,58.9,146398,139237,0,1.87
2014-06-01,12254,238.343,275.321,59.0,147104,139824,0,1.98
2014-07-01,12259,238.250,276.248,59.1,147265,138745,0,1.88
2014-08-01,12296,237.852,277.048,59.0,146647,139125,0,1.65
2014-09-01,12276,238.031,277.998,59.1,146941,139812,0,1.91
2014-10-01,12274,237.433,278.985,59.3,147936,140866,0,2.06
2014-11-01,12283,236.151,280.123,59.2,147666,141331,0,1.78
2014-12-01,12294,234.812,280.874,59.2,147190,141327,0,2.04
2015-01-01,12203,233.707,281.572,59.3,146552,138511,0,1.68
2015-02-01,12219,234.722,282.389,59.3,147118,139343,0,1.66
2015-03-01,12254,236.119,283.130,59.3,147635,140099,0,1.70
2015-04-01,12267,236.599,283.598,59.3,148587,141283,0,1.70
2015-05-01,12319,237.805,284.245,59.4,149349,142224,0,1.88
2015-06-01,12423,238.638,285.031,59.3,149645,142701,0,1.71
2015-07-01,12426,238.654,286.090,59.3,149722,141747,0,1.77
2015-08-01,12434,238.316,287.068,59.4,149228,141939,0,1.83
2015-09-01,12395,237.945,288.306,59.3,148980,142497,0,1.77
2015-10-01,12374,237.838,289.428,59.3,149716,143645,0,1.61
2015-11-01,12355,237.336,290.322,59.4,149766,144066,0,1.61
2015-12-01,12368,236.525,291.204,59.6,149703,144063,0,1.64
2016-01-01,12293,236.916,292.004,59.6,149037,141088,0,1.45
2016-02-01,12290,237.111,292.777,59.8,150060,141919,0,1.77
2016-03-01,12288,238.132,293.489,59.9,150738,142814,0,1.63
2016-04-01,12299,239.261,294.175,59.7,151075,143894,0,1.55
2016-05-01,12312,240.229,295.036,59.7,151594,144525,0,1.40
2016-06-01,12434,241.018,295.902,59.6,151990,145182,0,1.47
2016-07-01,12439,240.628,296.862,59.8,152437,144203,0,1.34
2016-08-01,12430,240.849,297.916,59.7,151804,144441,0,1.58
2016-09-01,12372,241.428,298.962,59.8,151977,145084,0,1.42
2016-10-01,12349,241.729,300.400,59.7,152335,145969,0,1.38
2016-11-01,12328,241.353,301.587,59.7,152385,146393,0,1.78
2016-12-01,12341,241.432,302.735,59.7,151798,146158,0,1.49
2017-01-01,12263,242.839,303.467,59.9,150527,143273,0,1.64
2017-02-01,12300,243.603,304.211,60.0,151594,144292,0,1.43
2017-03-01,12326,243.801,304.868,60.1,152628,144953,0,1.66
